,playlist_name,track.id,track.name
69,Sweet Soul Chillout,0wtHjEAzLYYyGuk2WtpGwS,Easy
75,Sweet Soul Chillout,111BQRr9rRMHTn69KamC4Z,For Once In My Life
76,Sweet Soul Chillout,3jOwA8XZplvTVsV0SdLWhc,Rhythm Of Life
80,Sweet Soul Chillout,55bvjj1m7GbJwABrsBRx3D,Just The Way You Are
83,Sweet Soul Chillout,0IUTOvJZ6brXtvMZWipush,What's Going On
85,Sweet Soul Chillout,6RdPQL64TSTPHZKYnpxAhT,As
89,Sweet Soul Chillout,7KsXSnQc8qdeBSOnTM5Vvn,On My Own
90,Sweet Soul Chillout,00bOhb4584JjyfTiXX81mO,The Weight
92,Sweet Soul Chillout,3hk1TZ66bpq75noaB9Fojf,Take My Heart (You Can Have It If You Want It)
96,Sweet Soul Chillout,20oUeycXhRS3iNp0Hl32hh,New York Eyes
97,Sweet Soul Chillout,5mpljnlp36HDNEeSszaVha,Love's Theme - Alternate Version
99,Sweet Soul Chillout,7u9s9Kn0J9U69J0qQV3E5M,Ain't No Sunshine
100,Sweet Soul Chillout,4sj8qFcEDnRPNv3tBbUVUf,Me and Mrs. Jones
101,Sweet Soul Chillout,0c3Xqt6MesEzKVGdoKandP,After The Love Has Gone
103,Sweet Soul Chillout,1euSJSk3dqCRmfdVwczmsR,Wish I Didn't Miss You
104,Sweet Soul Chillout,0Ay7pwWStfH00fpQlEaLFM,Overdose of Joy
105,Sweet Soul Chillout,0qOkHfSClduvkvGk6fCu8l,Now That We Found Love
109,Sweet Soul Chillout,0kgnNHZH8pY7TXYS7xtCBk,Move Me No Mountain
111,Sweet Soul Chillout,7l5S791OPaOUQPWnQcN4AS,Love Never Felt so Good
114,Sweet Soul Chillout,3oVXnhQusiMpvngzok4UjJ,Lead Me On
120,Sweet Soul Chillout,3YcusdF0VAb25wLvmvJDJ6,Fantasy - Single Version
121,Sweet Soul Chillout,3unVxPRMPloyBO70zQTksn,Love X Love
125,Sweet Soul Chillout,1cdRKJlpHp273rwdqMRLOr,"Shame, Shame, Shame"
126,Sweet Soul Chillout,5qyq1H5OPMlfuvZQ1wQNo7,(Your Love Keeps Lifting Me) Higher & Higher
127,Sweet Soul Chillout,5Pprsotl6k3oUhrcEfqiIl,Don't Look Any Further - Single Version
128,Sweet Soul Chillout,367QlcjzPGFxF4uNbBvwEH,Yah Mo B There
134,Uplifting Soul Classics,7MF7QAodbGzNYav5ZfIhAY,Midnight Train to Georgia
138,Uplifting Soul Classics,3Qe0dJkQXx7jJWXRxuVqJ0,Easy
139,Uplifting Soul Classics,6b6IMqP565TbtFFZg9iFf3,"I Can't Help Myself (Sugar Pie, Honey Bunch)"
141,Uplifting Soul Classics,3YdJzolD4HFvWGioELW2pC,Are You Ready For Love - '79 Version Radio Edit
142,Uplifting Soul Classics,74MfBIVOVHzQiJqfJ1dgTo,I Wish
143,Uplifting Soul Classics,7s25THrKz86DM225dOYwnr,Respect
145,Uplifting Soul Classics,4Hhv2vrOTy89HFRcjU3QOx,At Last
146,Uplifting Soul Classics,0MHXrqn909p0LRTPsNsGEi,Move on Up
151,Uplifting Soul Classics,4yQw7FR9lcvL6RHtegbJBh,Think
153,Uplifting Soul Classics,0UERoCKd24PKovd4BwRzBQ,It Takes Two
155,Uplifting Soul Classics,1oFiPGBafH9Woo9AMwgBSl,I'm Every Woman
156,Uplifting Soul Classics,1aj4GXfmEYXfdVZohCpNKu,Stand by Me
157,Uplifting Soul Classics,3YcusdF0VAb25wLvmvJDJ6,Fantasy - Single Version
160,Uplifting Soul Classics,0qOkHfSClduvkvGk6fCu8l,Now That We Found Love
161,Uplifting Soul Classics,2j24h8ZvzouJRg2HzHvRH4,Heaven Must Have Sent You - Mono Single
163,Uplifting Soul Classics,5nNmj1cLH3r4aA4XDJ2bgY,September
164,Uplifting Soul Classics,7oOOI85fVQvVnK5ynNMdW7,Rock with You - Single Version
165,Uplifting Soul Classics,222TScMmzaZ0IdkvbLoin2,I Love Music
166,Uplifting Soul Classics,44UWAmppRuj5KNHWbAASuF,This Is It
167,Uplifting Soul Classics,2ce4RsJ38JH1iroQhoph3J,Going Back to My Roots - Single Version
170,Uplifting Soul Classics,4OdhWe5GZTkwAuNXLQZImM,Enjoy Yourself
171,The Essential Ska,31RJ1xFMQCGfGniKY4IMdO,Wallflower
172,The Essential Ska,5kxxhOkxd7j57e7oL121gI,Time Bomb
173,The Essential Ska,4pCZhwsn1mbN8fDYe42Hl5,Mr. Smiley
174,The Essential Ska,1ru5R5iSawvuMELqKXxLjS,The Impression That I Get
175,The Essential Ska,1iD0a0plhO55cWEJa5UGcZ,The Science of Selling Yourself Short
176,The Essential Ska,4X3qGigyU6ARi3HP4lWD95,Superman
177,The Essential Ska,3W9A3mabvpFGbPJD2mQ69q,Out All Night
178,The Essential Ska,3M7ooJlRuaJYwMY5qrwK4F,Same In The End
179,The Essential Ska,2oRJOGttP04fYcWLZbU84t,We Will Fall Together
180,The Essential Ska,2bKOzEirhfTNQHGvCJRwYz,THE FINAL PARADE
181,The Essential Ska,2Bf8CoBhV8kDpQju55Tuha,My Town
182,The Essential Ska,1hh4GY1zM7SUAyM3a2ziH5,All My Best Friends Are Metalheads
183,The Essential Ska,7IfckgnBsIdP4XE4tfWEDN,Take On Me
184,The Essential Ska,7MH63filSWHfjwMlQrlQQG,Here In Your Bedroom
185,The Essential Ska,0ioAxRwyYkI1MRJBEZp4X1,You
186,The Essential Ska,15pG633R6ETfX5OVhSisYS,Awkward Always
187,The Essential Ska,2MWC3IWfhh3IteOUPbtogB,She Got Arrested
188,The Essential Ska,3NtczDOTpcNO8ulLEVlpD7,Keasbey Nights
189,The Essential Ska,7exeQYwgHvD9pLJlFdXWhU,LONELY BOY
190,The Essential Ska,7k7qEd9btl9ljXPuVVBVxE,Super Rad
191,The Essential Ska,7xkSwLmSHDlnNuiePDgp22,Sound System
192,The Essential Ska,0SnMkgqpYimCtOmiId16SS,Too Much Information
194,The Essential Ska,0TBEx3nrsV7gnEL3gQPj9W,9mm and a Three Piece Suit
196,The Essential Ska,49KsGRK6Pq6pjlGvBQ8NoQ,Lie to Me
197,The Essential Ska,6iSerw4aPjGNtRIhciKcPw,The Constant
198,The Essential Ska,2I3HfKZFH69dLwhapHrI9o,Everything Went Numb
199,The Essential Ska,7GcBhU9KW2cdxWQ39VY0Ri,Good Times
200,The Essential Ska,7bFNtX22XJMy5TuEpQfa3C,New Girl
201,The Essential Ska,4RXOQG0gCszsYrHnpFgbAz,All Outta Angst
203,The Essential Ska,1kWja6NVaLZThMop9MYVDz,Wrong Way
205,The Essential Ska,4IhBMMgZkrQybTajYXtmVE,I Don't Love You Anymore
206,The Essential Ska,49sLiyg8IcSEmtucGbSVdO,All in Stride
208,The Essential Ska,2BX80uJdAmllD0BP8MKK98,Night Train to Moscow
210,The Essential Ska,1ikzC1az2vXMR060qvDnvW,Unstoppable
213,The Essential Ska,4zypNnJbJcGY7ccnJpAUA8,On & On & On
214,The Essential Ska,6cJqlSO19vsfCsH1FeFI35,Santeria
215,The Essential Ska,6Vfu17e3R2xoKP1aXmMxlS,No One Said It Was Easy
217,The Essential Ska,3MXxV2BQjMEhZmTtLkIOPz,Where I'm Going
218,The Essential Ska,2fCV2Wko0b4ToipDJS6yun,Lost Again
219,The Essential Ska,7rn79EumoC0ANZSpo1iqMD,Turning Japanese
220,The Essential Ska,5rSZk3C57NuvgN1BBYcxaY,Road Rash
221,The Essential Ska,7rDOSQkStxj28M4GRM6Xbs,Beer
222,The Essential Ska,5dt0dBcBTgGb7Gt5hNTG91,Title Holder
223,The Essential Ska,2ftEtuT6zgVPEXgRPTgAtM,Mile High
224,The Essential Ska,577X4F4HAZZUVzvT7wml4E,The Sweat
225,The Essential Ska,61uH7qBeQqVGfnCK26OQ8L,Play Some Ska
226,The Essential Ska,2e8yaFJOfZbsttpJhcTLcc,Let It Go
227,The Essential Ska,4f0tP0do1PtMf0OASpHPTY,You Can't Have All of Me
228,The Essential Ska,3vXBoGZnanFF0NSQ5Of8UT,Life Won't Wait
230,The Essential Ska,6atKAG2vpccwtNNnHgCXPu,***SKA
231,The Essential Ska,5PPun84zQbvUCKqBfhBMvn,Choose My Friends
232,The Essential Ska,78OHoxC6DGg05MVo5ly1wh,Livin' the Apocalypse
233,The Essential Ska,7FK3roNAFpxl3vfhtRiPH9,Revolution Riot
235,The Essential Ska,02N6JQNfiB1Hc4nKm2P0g4,Amsterdam
237,The Essential Ska,0vJR8jY9VrwLqwqU0MFsrV,Stupid
238,The Essential Ska,7M4lhJlyieKjpi5LLhpDgw,Libriyum
239,The Essential Ska,6yCjhDzcVIfxvTjBKhhn7P,Sunday Morning
240,The Essential Ska,60FJeNTK5edr72G2xtCWuP,She's Kerosene
241,The Essential Ska,13yAmRJ9Djttg27TgT2dC8,Second Cities
242,The Essential Ska,5vkJkwKAEBUGess9Elg26s,Ego
243,The Essential Ska,7oHNMdhyc1cmPhI0cF15We,Strange Days
244,The Essential Ska,5jvVBreQOSEW2r78oC0CoZ,B.L.M
245,The Essential Ska,5MOKQJ6HMqpEoD04eqVFyB,Ruby Cumulous
249,The Essential Ska,2RUDlsSK1x8aiyE9uESsUL,Sweet Eurotrash
251,The Essential Ska,5DAnKlgL5eVGQxoIkPOYHO,Free Time
252,The Essential Ska,1yC2n0cfsyIASjIKD0EZ3H,Apparition
253,The Essential Ska,6xt46jtvhOjqf0bbJ3wT3v,Middle Finger
254,The Essential Ska,6JU13nFxmo7lQKFcY1MTUr,Ska Wars
255,The Essential Ska,1tUfaWeAysLESckeL3HfvD,Level Up - Radio Edit
256,The Essential Ska,5I2iwOnN1Rsy1S3Yj8wQhQ,Year of Disaster
257,The Essential Ska,2vI7US7mTnF2rbO7AtWIop,Paint the Night Red
259,The Essential Ska,0bIcOHJmmumvvdsHmnFEy1,If I Could Only Listen to My Heart
260,The Essential Ska,3bAhlP0RhgkiX7zS3bRcZh,Gym Rat
263,The Essential Ska,47vsJjIcQ1VEHrwT0dUSZS,Just Sayings
264,The Essential Ska,56SbrhQBAmYHEQWT5bNmxj,Upside Down
265,The Essential Ska,3TjsikWPyMLvnjQiUATci6,Stepping Out
266,The Essential Ska,4X2MCbOuInlaGGTrhtNNQA,Hello Again
267,The Essential Ska,5XysARL1Hl8na7hvnHhiS1,Underinsured
269,The Essential Ska,5iqoangjJT6emeXzZg2czr,Sound of a Revolution
270,The Essential Ska,6FYCcmTfxq84NSePWXLIby,A Flowery Song
277,Classic Acoustic,6pTIIBntNSvDeUdZS3E8vz,You've Got To Hide Your Love Away - Remastered
284,Classic Acoustic,5QqdvVeYLL1xvZ1ndUjxnO,In My Life - Remastered
285,Classic Acoustic,6dfhF1BDGmhM69fnCb6wSC,America
286,Classic Acoustic,3mumafLiMRofRhyczBxuwE,Me & Magdalena
287,Classic Acoustic,3LcYYV9ozePfgYYmXv0P3r,Fire and Rain
290,Classic Acoustic,25aMcOH9KVYjllvlupKyJj,The Only Living Boy in New York
300,Classic Acoustic,3gdewACMIVMEWVbyb8O9sY,"Rocket Man (I Think It's Going To Be A Long, Long Time)"
302,Classic Acoustic,1D0ysB6OY7LsXxrjN1Zvb2,Where Do You Go To (My Lovely) [Re-Recorded]
303,Classic Acoustic,6YEOmCsXSk9ZPE0FkcCiuQ,"Layla - Acoustic; Live at MTV Unplugged, Bray Film Studios, Windsor, England, UK, 1/16/1992; 1999 Remaster"
305,Classic Acoustic,2DnJjbjNTV9Nd5NOa1KGba,You're so Vain
310,Classic Acoustic,1ppuHX1oVMku5LTL0swNZP,Peace Train
314,Classic Acoustic,0gZXockVcE7rEhSf4mcGLO,Guitar Man
317,Classic Acoustic,1b7LMtXCXGc2EwOIplI35z,Stuck In The Middle With You
321,Classic Acoustic,3oLKEO5NCdf2Zi3mBzKaAs,Diamonds And Rust
324,Classic Acoustic,3LELTbDh9YCJrJIUERcj9p,Just Like a Woman
330,Classic Acoustic,6vxHp3CDNo0afgKGp2yi1E,Me and Julio Down by the Schoolyard
334,Classic Acoustic,7hoWkhuHv9b3jiCbxX1kMm,It's All Over Now Baby Blue
336,Classic Acoustic,0QYgtwYCftkAqunXmvkZtr,Forever Young - From NBC's Parenthood
338,Classic Acoustic,54dAM9PfABaX5vJ3aFSepP,Hard Sun
340,Classic Acoustic,16XeptMdlJTWWeIrwEAOvv,Old Man - 2009 Remaster
342,Classic Acoustic,1KueOLeUZpaNRK2InckxVT,1952 Vincent Black Lightning
346,Classic Acoustic,5tlyFGagMcqqpbqo2jYKU5,Rocky Mountain High
348,Classic Acoustic,02fXDM2myvnYF5NyCkKPvp,All Things Must Pass - 2020 Mix
351,Classic Acoustic,3JeSmJwvbQkIqcZ0LM46wm,Billy 1
352,Classic Acoustic,28RJeUDuT4tSx3zfk4iPVC,Strangers
353,Classic Acoustic,7jGg2uNzVLmkzL79X8Ysz9,2000 Man
354,Classic Acoustic,3G69vJMWsX6ZohTykad2AU,One
368,Classic Acoustic,41QWKQjT6riBhHAGYHU9Xu,Red Dirt Girl
373,Acoustic Hits,5YqdiryRmdAzYFlxo43hAJ,Missing Piece
374,Acoustic Hits,4LTOzL6JsnQBifmpsbo9a5,September Song - Guitar Acoustic
381,Acoustic Hits,2CtJDDZiXVryDNAlsGyK5W,Sword from the Stone
383,Acoustic Hits,5weKCP07IGA1565wfI3cZ1,Happier - Acoustic
384,Acoustic Hits,5FJGb4bs2Y4BbiX59zXksH,Ol' Sweet Day
388,Acoustic Hits,2UBSTkbhkQwzjKpcuUJTdG,I Was Made For Loving You
391,Acoustic Hits,6SwBFQFjgwdYomUy6kLTrH,What Side Of Love - Acoustic Version
398,Acoustic Hits,1kjrgWG47wJgVqvQOvyb7C,Hold My Girl
406,Acoustic Hits,1c1SUqeJEYjA3dZVglThmW,Wait
413,Acoustic Hits,0H1iykZgTGLQ7UzqTakG7k,On the Run
414,Acoustic Hits,5esPpmrM2AsyDVgOKzWQwU,Beyond
417,Acoustic Hits,3Xzog9enTvbsc0G7G9M58D,Shut Up and Dance - Live Acoustic - 2015
424,Acoustic Hits,429EttO8gs0bDo2SQfUNSm,Georgia
427,Acoustic Hits,2VxeLyX666F8uXCJ0dZF8B,Shallow
430,Acoustic Hits,0zJBVh81kuPLo8ZP0Uvqli,Don't Let Me Go
439,Acoustic Hits,7iM7I3dbNQGC5xkxJMWwrv,Morning Breeze
440,Acoustic Hits,05TtxghZSGczxqdRQrAf0C,Black & Blue
445,Acoustic Hits,12qeIqye3tBZN6xGJpq9q8,Passionfruit
447,Acoustic Hits,6KprCGVC5o2Ibj2wCtaxEV,Sleep On The Floor
450,Acoustic Hits,6AVbtprNn18sQcX54K5MTo,She Will Be Loved - Acoustic
452,Acoustic Hits,1IWv7yYMFplrKaZDUldFJn,Wasn't Expecting That
454,Acoustic Hits,2PwXOevGUSkU8qaYZjgLq2,All I Want
459,Acoustic Hits,7mJmniV4bzbEKFPqW7AVRe,Shrike
469,Acoustic Hits,3XzLC1TU451F0nPiJitk49,After Rain
470,Acoustic Hits,6NbNiGJAhzdIoh7BVAxL5H,Everyday - Edit
473,Pura Salsa,7AUhck1sPy11OExQmDDx4P,De Vuelta Pa' La Vuelta
476,Pura Salsa,6HBBWUUn6W6nzhEvryAfiA,Es Demasiado Tarde
477,Pura Salsa,35CmU6oPcyuzqxUk1nD5FJ,Usted No Sabe
479,Pura Salsa,0yaFXmk7j2UemNN29bTkSd,La Dueña de la Clave
480,Pura Salsa,3A11ynycZTqCk4ApkR33sV,Sin Amenazas
483,Pura Salsa,5ZA9ItQp7DyG6pPkSsq3Bn,Eres Mi Sueño
486,Pura Salsa,4hKA20qV4pbFRsvetaiI6F,Escúchame Mi Amor
487,Pura Salsa,0CE9hA4OhGCQfMrsQDqXBv,Qué Maldicion
492,Pura Salsa,0dqfl4l45vqw2TnNrnbsy0,Parecen Viernes
493,Pura Salsa,3DWlYeVHR7EMcrdxwXd1Lq,No Sé - Versión Salsa
495,Pura Salsa,2niwYvW4SPtimr7jWAk9ke,Amarte Es Mi Pecado
498,Pura Salsa,1IlcZTao4QK51AgWT3CLhK,No Puedo Ser Tu Amigo
499,Pura Salsa,3ZbDXbJIUCVCJz8APyIUYE,Vacilando Rico Con Zaperoko
500,Pura Salsa,55wQTdI8Z52zw0FGPSHFhP,El Color de Tus Ojos
501,Pura Salsa,6NFqonbFp2QhnJIh7cE2s3,En Peligro de Extinción
502,Pura Salsa,5bNZVcZIPFX9eyeCzsjEUz,Nunca Es Suficiente
503,Pura Salsa,0SVlCv4gOgWohAdBZMBu3v,Me Vas A Extrañar
504,Pura Salsa,1THrLq1IPWwpisMdF9Ivya,Deseándote
508,Pura Salsa,30UA08ePK3varU1cNX2Owt,Amantes - Versión Salsa
509,Pura Salsa,48XV7umdTgcGuPunNInlJP,Olvídala
510,Pura Salsa,6J9OXLfXFaf8QsUlvf7qx0,Quiero Saber
512,Pura Salsa,7FNyz9hceyslUreGckbfJ0,Hawái
513,Pura Salsa,6Hst0kxjKNtjq9cUqH2kzB,Amiga Mía
514,Pura Salsa,0nQhWtgaUza0jwBI1AfDTE,Vamos a Darnos Tiempo
519,Pura Salsa,2ESN4xnCP0dzgn5S7rFc6W,Si Tu No Estas
520,Pura Salsa,1BCRvoZGhnG5ZBrEMNM0j6,Falso Amor
521,Pura Salsa,4K6ZdAN0saZ7q98n6jdqkv,Infidelidad
522,Pura Salsa,4VBehv3X5yJwEDunLEuoEk,Porque un Hombre No Llora
526,Pura Salsa,2yWjS7QcpqtDI5KmmQyxkn,La Mejor Versión de Mi
528,Pura Salsa,2v11X4UanY2QwADCbwFnPv,No Sé
529,Pura Salsa,5AQ5u6zEpcHqwnTuYFesR9,Tu Falta de Querer
531,Pura Salsa,2bIIQIXgi5blVkSZ7Y2uTh,Con Mi Amiga
533,Pura Salsa,4EEWJyZz4RZp3j6yqHS8T4,No Vuelvas a Besarme
534,Pura Salsa,2RLpgwLVfI5duKhbE2H04d,Amaneciendo Con Zaperoko
535,Pura Salsa,5pQ3hXfDEeY8AuNrkbbxOc,Ya No Vives en Mí
536,Pura Salsa,0FKT4NkD16bkFiHFiFiWwi,Mis Sentimientos (Versión Salsa)
538,Pura Salsa,3DAxwWtA3N41eNZ9pCsQnl,Mi Propiedad Privada
540,Pura Salsa,3w0IdrfXrlmvESogOesvOf,Cobarde
541,Pura Salsa,68ci2Ioh4qYJEoMalSb1Rv,Hoy Que Te Vuelvo a Ver - Versión Salsa
542,Pura Salsa,3QXFOKlokWXMh2x9Q29764,Frágil
544,Pura Salsa,1i8GtSThwXmrDMQebcZ00H,Que Voy a Hacer Con Mi Amor
545,Pura Salsa,3AHpskpH1phz5LVvkyWw35,Sentir
547,Pura Salsa,7eCE1RHUfuYQUJEBAoIGK7,Hablame de Ti
549,Pura Salsa,1KWvINcM561J5oucjhN79h,Como una Estrella
550,Pura Salsa,1cC0I76YKUEDg9z27puUL4,No Volveré
551,Rock Classics,1RJeiAIwR9pZBgJA8ndZLL,"Paint It, Black - Mono"
552,Rock Classics,1AhDOtG9vPSOmsWgNW0BEY,Bohemian Rhapsody - Remastered 2011
553,Rock Classics,4bHsxqR3GMrXTxEPLuK5ue,Don't Stop Believin'
554,Rock Classics,0ofHAoxe9vBkTCp2UQIavz,Dreams - 2004 Remaster
555,Rock Classics,08mG3Y1vljYA6bvDt4Wqkj,Back In Black
558,Rock Classics,39shmbIHICJ2Wxnk1fPSdz,Should I Stay or Should I Go - Remastered
562,Rock Classics,5Ly2g3fnof2iFE8zsQZJX2,Back In The U.S.S.R. - 2018 Mix
563,Rock Classics,66lOpKgTyFjOrac4S1s94g,Rebel Rebel - 1999 Remaster
566,Rock Classics,0iA3xXSkSCiJywKyo1UKjQ,Louie Louie
567,Rock Classics,5MxNLUsfh7uzROypsoO5qe,Dream On
569,Rock Classics,4CJVkjo5WpmUAKp3R44LNb,Sweet Home Alabama
570,Rock Classics,4cCQ0wBIc9YHhvOWvWNj7S,"Hotel California - Live at The Los Angeles Forum, 10/20-22/76"
572,Rock Classics,2LawezPeJhN4AWuSB0GtAU,Have You Ever Seen The Rain
573,Rock Classics,6cr6UDpkjEaMQ80OjWqEBQ,Sultans of Swing
575,Rock Classics,78lgmZwycJ3nzsdgmPPGNx,Immigrant Song - Remaster
585,Rock Classics,2HXixVqzzm9rEUIMAWzshl,I Hate Myself for Loving You
587,Rock Classics,1xShPgQbOUa98avWJQFDBY,Personal Jesus - Original Single Version
588,Rock Classics,2EqlS6tkEnglzr7tkKAAYD,Come Together - Remastered 2009
589,Rock Classics,4DMKwE2E2iYDKY01C335Uw,Carry on Wayward Son
591,Rock Classics,5LNiqEqpDc8TuqPy79kDBu,Edge of Seventeen - 2016 Remaster
593,Rock Classics,6NxsCnLeLd8Ai1TrgGxzIx,Bad Moon Rising
596,Rock Classics,7N3PAbqfTjSEU1edb2tY8j,Jump - 2015 Remaster
597,Rock Classics,2PzU4IB8Dr6mxV3lHuaG34,(I Can't Get No) Satisfaction - Mono Version
598,Rock Classics,4KfSdst7rW39C0sfhArdrz,Barracuda
599,Rock Classics,6zeE5tKyr8Nu882DQhhSQI,Dust in the Wind
602,Rock Classics,2vX5WL7s6UdeQyweZEx7PP,Walk This Way
604,Rock Classics,0J6mQxEZnlRt9ymzFntA6z,Livin' On A Prayer
605,Rock Classics,5UwbnHhjnbinJH8TefuQfN,Long Cool Woman (In a Black Dress) - 1999 Remaster
607,Rock Classics,6gXrEUzibufX9xYPk3HD5p,Life in the Fast Lane - 2013 Remaster
613,Rock Classics,2SiXAy7TuUkycRVbbWDEpo,You Shook Me All Night Long
614,Rock Classics,3aoDEt6zSuYQ47gzarlaVo,Money - 2011 Remastered Version
617,Rock Classics,0F0MA0ns8oXwGw66B2BSXm,Let's Dance - 1999 Remaster
619,Rock Classics,2KmEgiY8fQs0G6WNxtzQKr,Baba O'Riley
625,Rock Classics,51H2y6YrNNXcy3dfc3qSbA,When Doves Cry
626,Rock Classics,0832Tptls5YicHPGgw7ssP,Beast Of Burden - Remastered
628,Rock Classics,38Ngied9rBORlAbLYNCl4k,Once in a Lifetime - 2005 Remaster
629,Rock Classics,0QwZfbw26QeUoIy82Z2jYp,Good Times Bad Times - 1993 Remaster
630,Rock Classics,3sY6z4pGcxpMwx3W026WtU,Peace of Mind
632,Rock Classics,6KTv0Z8BmVqM7DPxbGzpVC,Rock And Roll All Nite
634,Rock Classics,7Ar4G7Ci11gpt6sfH9Cgz5,Listen to the Music
637,Rock Classics,3G69vJMWsX6ZohTykad2AU,One
638,Rock Classics,5BIMPccDwShpXq784RJlJp,Enter Sandman
639,Rock Classics,1lhpxZT57yw5toGJtt8fGE,Old Time Rock & Roll
640,Rock Classics,5EcvzboYmDIfXo9gPplsSB,Brown Sugar
641,Rock Classics,14XWXWv5FoCbFzLksawpEe,Riders on the Storm
646,Rock Classics,0FeCO85RKW8fDRytwXof2x,Go Your Own Way
647,Rock Classics,0vSiz90JRxvYsbCTx84oVM,Gimme Three Steps
650,Rock Classics,1oG2vWELiGjIqxwqGcyqwF,You Really Got Me
651,Rock Classics,7cy1bEJV6FCtDaYpsk8aG6,China Grove
653,Rock Classics,3QZ7uX97s82HFYSmQUAN1D,Tom Sawyer
654,Rock Classics,3CPeWqqaHR0hmyfsWhMJQs,Don't Stop - 2004 Remaster
655,Rock Classics,6FsQrRpBLgsrFeAeiQqytm,Bang a Gong (Get It On) - 2003 Remaster
656,Rock Classics,4pbG9SUmWIvsROVLF0zF9s,I Want To Hold Your Hand - Remastered 2015
657,Rock Classics,5eU8qMd0TpaLqTGDZJaLDs,Need You Tonight
658,Rock Classics,5ghIJDpPoe3CfHMGu71E6T,Smells Like Teen Spirit
660,Rock Classics,4nXkbcTj3nyww1cHkw5RAP,Long Train Runnin'
661,Rock Classics,3RZMzCvYsmJ0u2ioKTOsmJ,Honky Tonk Women - Mono Version
666,Rock Classics,1gzIbdFnGJ226LTl0Cn2SX,White Wedding - Pt. 1
669,Rock Classics,5qBqBdfTEIWJwAS0Jm2F5R,Turn! Turn! Turn! (To Everything There Is a Season)
671,Rock Classics,6Qg7cgN1oZ5mG5nZe9UG0X,Behind Blue Eyes - Original Album Version
674,Rock Classics,3UDmHZcBTQp8Iu8droNtUl,Revolution - Remastered 2009
676,Rock Classics,6qnhXRedMi71TBYRc9jm4o,Magic Carpet Ride
677,Rock Classics,3MFFDRC4wTN9JNGtzXsZlN,Love Her Madly
679,Rock Classics,6ToM0uwxtPKo9CMpbPGYvM,Break on Through (To the Other Side)
683,Rock Classics,3okPiJwW5nCLpug12sCL4p,All Day and All of the Night
684,Rock Classics,1HOMkjp0nHMaTnfAkslCQj,My Sharona
686,Rock Classics,6gQUbFwwdYXlKdmqRoWKJe,Dude (Looks Like A Lady)
687,Rock Classics,5jzma6gCzYtKB1DbEwFZKH,London Calling - Remastered
688,Rock Classics,3qT4bUD1MaWpGrTwcvguhb,Black Dog - Remaster
690,Rock Classics,4nuUssdgKFy2QyYHHNkZQW,Sunday Bloody Sunday - Remastered 2008
692,Rock Classics,6i8ecOsx4J2Px1maiqzqoG,Everywhere
693,Rock Classics,3KPwt1LBpt1jVSHz8GXERo,Feel like Makin' Love - 2015 Remaster
694,Rock Classics,3MODES4TNtygekLl146Dxd,Ramble On - 1990 Remaster
697,Rock Classics,5zH710lFSLtkHbMkslLDjR,Crazy On You
699,Rock Classics,45s88Xopo6KvHc0PQ05aGg,My Generation - Mono Version
700,Rock Classics,5uvosCdMlFdTXhoazkTI5R,Light My Fire
701,Pure Rock & Roll,4PRGxHpCpF2yoOHYKQIEwD,Rock and Roll - Remaster
703,Pure Rock & Roll,5RrrQhJKKKMJt3wB5n2N3t,Living In A Ghost Town
709,Pure Rock & Roll,6yl8Es1tCYD9WdSkeVLFw4,You Shook Me All Night Long
710,Pure Rock & Roll,66FSV5dLK5sNLZ00IfHxfD,Bad Moon Rising
713,Pure Rock & Roll,4MhTFsyqIJnjsOweVcU8ug,Sweet Child O' Mine
715,Pure Rock & Roll,5SZ6zX4rOrEQferfFC2MfP,Walk This Way
716,Pure Rock & Roll,1Q5kgpp4pmyGqPwNBzkSrw,Roadhouse Blues
718,Pure Rock & Roll,6vvmYYUvGXtZLU8msxKvzF,I Wanna Be Sedated - 2002 Remaster
720,Pure Rock & Roll,4BP3uh0hFLFRb5cjsgLqDh,Fortunate Son
722,Pure Rock & Roll,46QazXxQS0B31CnbRCy8CV,Rock You Like a Hurricane
726,Pure Rock & Roll,45Ia1U4KtIjAPPU7Wv1Sea,Are You Gonna Go My Way
728,Pure Rock & Roll,6C4LXC9UFH1IKiHYOp0BiJ,Sunday Bloody Sunday - Remastered 2008
732,Pure Rock & Roll,6ToM0uwxtPKo9CMpbPGYvM,Break on Through (To the Other Side)
734,Pure Rock & Roll,4KfSdst7rW39C0sfhArdrz,Barracuda
735,Pure Rock & Roll,4X1LS2LEYxKdlvHq5oZesi,Sweet Home Alabama
736,Pure Rock & Roll,3QZ7uX97s82HFYSmQUAN1D,Tom Sawyer
737,Pure Rock & Roll,3qiyyUfYe7CRYLucrPmulD,Baba O'Riley
738,Pure Rock & Roll,6gQUbFwwdYXlKdmqRoWKJe,Dude (Looks Like A Lady)
743,Pure Rock & Roll,521gC8oqqmUknLZpodHOh9,Perfect Strangers
744,Pure Rock & Roll,3dh2LlmeMqKJbzn2WUgt3d,Pride (In The Name Of Love) - Remastered 2009
746,Pure Rock & Roll,78Pny5O5RDkHJNPZf1QcFs,Life in the Fast Lane - 2013 Remaster
747,Pure Rock & Roll,0sfdiwck2xr4PteGOdyOfz,Shot In The Dark
750,Pure Rock & Roll,4aVuWgvD0X63hcOCnZtNFA,Hold the Line
752,Pure Rock & Roll,0uppYCG86ajpV2hSR3dJJ0,Give It Away
754,Pure Rock & Roll,5fx7fRMsdrj56XSbY2iudA,Mississippi Queen
757,Pure Rock & Roll,2tkyEHSkv0I3l4OkBe1FnO,Spoonman
759,Pure Rock & Roll,1OxcIUqVmVYxT6427tbhDW,Fly Away
762,Pure Rock & Roll,08mG3Y1vljYA6bvDt4Wqkj,Back In Black
763,Pure Rock & Roll,2PETsovNFRjQOSMWj8gNii,Superblood Wolfmoon
765,Pure Rock & Roll,0CFtlafteObzOEuJdESQkb,Eat The Rich
767,Pure Rock & Roll,5c1nPzFo0fziACO6fKtxqT,Got No Shame
768,Pure Rock & Roll,6NvRxjfYkkT2SpirAlmsjH,No One Knows
769,Pure Rock & Roll,4u9f8hqstB7iITDJNzKhQx,My Generation - Stereo Version
770,Pure Rock & Roll,0J6mQxEZnlRt9ymzFntA6z,Livin' On A Prayer
771,Pure Rock & Roll,69d54YOS8TOQiUYjX57XeA,A Hard Day's Night - Remastered
773,Pure Rock & Roll,7tAmzWK9NEePoe0T9mM30B,Snortin’ Whiskey
774,Pure Rock & Roll,29SyMC0plk6qw8NMF7lfRL,You Really Got Me - Mono Mix
775,Pure Rock & Roll,2HXixVqzzm9rEUIMAWzshl,I Hate Myself for Loving You
777,Pure Rock & Roll,7zLC4HAY11GvvKsZHNrkAp,I Wanna Rock (Remastered Album Version)
778,Pure Rock & Roll,4mcZYzoGwPRDdhWVlygiHf,Refugee
783,Pure Rock & Roll,1PqETpgGlfWvkWRF4ypD9w,Magic Carpet Ride
784,Pure Rock & Roll,0ZGLuduCPjgWY1n85ykgMe,Back In the Saddle
786,Pure Rock & Roll,1BfR5GMOgW0peHkPxrwf11,Safari Song
792,Pure Rock & Roll,0tMm5BfVLypKykJnoXsEVL,Since You Been Gone
797,Pure Rock & Roll,3GGkKcUEC4xMxbJ9HEjWNg,The Jean Genie - 2013 Remastered Version
798,Pure Rock & Roll,5eU8qMd0TpaLqTGDZJaLDs,Need You Tonight
800,Pure Rock & Roll,4DWzGxXc3shAzDGy2UIaL5,Learning To Fly
803,Are & Be,3S4gq91XRuohTTfJZAiGVK,Memories
805,Are & Be,4dmNBu6IEQahPJDlQQOY69,Come Through (feat. Chris Brown)
806,Are & Be,3FAJ6O0NOHQV8Mc5Ri6ENp,Heartbreak Anniversary
809,Are & Be,2sXf2JdbB2GlNju00kw9WE,Skate
811,Are & Be,0Gmjaje0sMUwD5mIHlhlfs,LOST YOU
812,Are & Be,6oIahjoSHQ3GQJg0hrLdzY,I Believed It (feat. Mac Miller)
814,Are & Be,3EG9FJ0ToLfgnc1IG2Z1wz,SWEET / I THOUGHT YOU WANTED TO DANCE (feat. Brent Faiyaz & Fana Hues)
815,Are & Be,3XFY3bKOme4E3QhJqHS1Pi,Leave The Door Open - Live
816,Are & Be,24h4cKTzN3i3vJhYtb1gXK,Fancy
817,Are & Be,5wDeGgYjng63MbfVQyEt0O,Rather Be (with Kiana Ledé)
818,Are & Be,4iJyoBOLtHqaGxP12qzhQI,Peaches (feat. Daniel Caesar & Giveon)
827,Are & Be,60ynsPSSKe6O3sfwRnIBRf,Streets
828,Are & Be,3YJJjQPAbDT7mGpX3WtQ9A,Good Days
829,Are & Be,2kMarngrIWYgmAdVjruuuW,Can't Let It Show
830,Are & Be,5f2CDk3D2XX8XyL6kViwZI,No Plans for Love (with Ne-Yo & Kent Jones)
831,Are & Be,5bFhF2rvHQrVqI4ypvb1LH,Damage
832,Are & Be,72ZrqClOsbyE8gdeW28EMy,Body
834,Are & Be,7aJwamBFV2pjHTXUnlDgZb,FWM
836,Are & Be,5W8wRrlABmYv0Rlz0GzJd7,Worldwide
840,Are & Be,5JycxhApZmzbA4xSwvqh6k,All To Me
841,Are & Be,7beY8mXJuC4l0J2WgVoCfm,Bad Habits
843,Are & Be,4Xr6BbSSu5HhImp8vfxMbg,On It
846,Are & Be,6vztLRlDjURphQVkyxqix9,Letter 2 U
847,Are & Be,1sVEcxx3au6WWt8WcQO4N9,Same Space? - Remix
851,DOPE.,27NovPIUIRrOZoCHxABJwK,INDUSTRY BABY (feat. Jack Harlow)
853,DOPE.,5Kskr9LcNYa0tpt5f0ZEJx,Calling My Phone
855,DOPE.,3BZEcbdtXQSo7OrvKRJ6mb,MONTERO (Call Me By Your Name)
856,DOPE.,1YDebgap5OFwXEBG18NJvy,Red Light Green Light
858,DOPE.,1fxYz1s15pyZLsJT0Hdh1m,Late At Night
862,DOPE.,3tjFYV6RSFtuktYl3ZtYcq,Mood (feat. iann dior)
867,DOPE.,6zFMeegAMYQo0mt8rXtrli,HOLIDAY
868,DOPE.,6Ozh9Ok6h4Oi1wUSLtBseN,BOP
870,DOPE.,6KgtcmCF9Ky68XC7ezxl3s,Rumors (feat. Cardi B)
871,DOPE.,2MbdDtCv5LUVjYy9RuGTgC,"WHATS POPPIN (feat. DaBaby, Tory Lanez & Lil Wayne) - Remix"
877,DOPE.,2BITQ360Knh6qNAOqR7Dyq,Miss The Rage (feat. Playboi Carti)
883,DOPE.,4Li2WHPkuyCdtmokzW2007,Ni**as In Paris
884,DOPE.,5zNW5ARjYhJQJz1AChP33n,Thot Shit
888,DOPE.,60ynsPSSKe6O3sfwRnIBRf,Streets
889,DOPE.,10hcDov7xmcRviA8jLwEaI,Need To Know
895,DOPE.,0nbXyq5TXYPCO7pr3N8S4I,The Box
897,DOPE.,7h0d2h0fUmzbs7zeFigJPn,HIGHEST IN THE ROOM (feat. ROSALÍA & Lil Baby) - REMIX
900,DOPE.,1bFoCHXsP2qd4YWi2JmlCN,"3, 2, 1"
902,DOPE.,1zzxoZVylsna2BQB65Ppcb,X Gon' Give It To Ya
906,DOPE.,4ak7xjvBeBOcJGWFDX9w5n,Rodeo
907,DOPE.,6uvMKqNlrSvcC4NaKnrwjZ,"Body (Remix) [feat. ArrDee, E1 (3x3), ZT (3x3), Bugzy Malone, Buni, Fivio Foreign & Darkoo]"
912,DOPE.,2cnKST6T9qUo2i907lm8zX,a m a r i
913,DOPE.,5hVghJ4KaYES3BFUATCYn0,EARFQUAKE
916,PEGAO,2KcNrONbZ0hvBPjvrDO2tx,ALMAS GEMELAS
917,PEGAO,5W1qmxHrMlQGGAiFA3ZQqP,Se Le Ve
919,PEGAO,1WUUjDzH1ZMIPz3194CLid,Air Drop
920,PEGAO,3PwRuzdphgedcWVUOVYJ7I,Cúrame
922,PEGAO,2fpKvUg9hxiKAOLuwfEdlJ,Conexión
923,PEGAO,5fDMDKHhVCpUmAvTPJrYNh,Magnum
924,PEGAO,13Tbv4nflNxg9kYBIbJnd9,Dile a El
925,PEGAO,2vmfvSoZBFAt9hhRoEByLi,Volví
928,PEGAO,0G2zPzWqVjR68iNPmx2TBe,Volando - Remix
929,PEGAO,2OTULPNeQUkwQ0tNzcG7tj,Loquita
931,PEGAO,27RSJHEA99Y0Vsow7nA37A,911 - Remix
934,PEGAO,1VauUM5CBX7nkLcgafQL2B,"Eladio Carrion: Bzrp Music Sessions, Vol. 40"
935,PEGAO,2X0ZB9z924BusDXia6yYiw,Elma Maria
936,PEGAO,1Crj1zkRMpsEjb9NOR6Zof,"L-Gante: Bzrp Music Sessions, Vol.38"
937,PEGAO,7COGuXyTr12KvdaYXMqheC,"No Me Conocen (Remix) [con DUKI, Rei & Tiago PZK]"
938,PEGAO,20ChN6ZWJ2yhuXcE6SKHDM,Wow Wow (feat. Becky G)
942,PEGAO,4bF2y8rR7GUjrd5LNEvej3,París
944,PEGAO,3xD6kwkNjCTEKvMT5zgHAx,Perra
946,PEGAO,24YLHalbl2ePQbEXiKqKcP,VUDÚ
947,PEGAO,59rRvUjxSrKnimSsg678f9,PAKATA
949,PEGAO,24taY79KqQTlbjFtkdy3eo,Pegao
951,PEGAO,5g7gOcJf2CInnuZWnmEfRK,Tus Poses
955,PEGAO,42ahuAFlYGjIGBpVdHcLij,YaMeFui
956,PEGAO,1VkfjnJvS5Q5Zn5TmqvcFZ,LE GUSTA QUE LA VEAN
961,PEGAO,1WedZeiezCmCEOzLwhx0hV,Poblado - Remix
962,PEGAO,6hf0RpxTbOprT5nnwzkk8e,Qué Más Pues?
964,PEGAO,05bfbizlM5AX6Mf1RRyMho,AM Remix
966,Perrear y Llorar,0G2zPzWqVjR68iNPmx2TBe,Volando - Remix
969,Perrear y Llorar,0GmiGIxXDNrePrHBpijYDp,Sigue Bailandome
974,Perrear y Llorar,5q2JbCNi4FcnglgPfxcV65,"Sola (Remix) [feat. Daddy Yankee, Wisin, Farruko, Zion & Lennox]"
976,Perrear y Llorar,36dhj3CSJ2gsED35rBswno,Mírame
977,Perrear y Llorar,5O3cRP4ZHC9vvVIHtET1f0,Qué Más Pues
982,Perrear y Llorar,0iWxrdjwEGOrTC9AszgAJk,Viendo el Techo
989,Perrear y Llorar,3tRtlS9YUyYqVgqO3iM4bW,Miss Lonely - Dimelo Flow Remix
990,Perrear y Llorar,46lvmzK8wxAy66tjzXXSh0,Tal Vez
995,Perrear y Llorar,33bnxcjePIkcmNjEFTJX0l,Déjala Que Vuelva (feat. Manuel Turizo)
1003,Perrear y Llorar,4MWb6mltydQn84NrTm7Gpl,Dime Cuantas Veces (Remix) [feat. Justin Quiles]
1004,Perrear y Llorar,0ERbK7qVqveCaBWIiYCrl3,Bella y Sensual
1007,Perrear y Llorar,5zSOVwaY3sVjnmLhuEfsuf,Tú Foto
1011,Perrear y Llorar,59IfP78j5ihHCkBsEU5F4U,Llamado De Emergencia
1012,Perrear y Llorar,6FyRXC8tJUh863JCkyWqtk,Adan y Eva
1015,Perrear y Llorar,5GChYjT0HJVDtJMjcfhYmS,La Pregunta
1020,Perrear y Llorar,5ESAML4PZAbsiTK6OgRV2q,Egoísta
1022,Perrear y Llorar,48fSe5XXSej9Gc0L9QlNGN,No Te Quiero Perder
1024,Perrear y Llorar,2ktoFujjJtantyMoVdBJlX,Pa Olvidarte (feat. Manuel Turizo) - Remix
1025,Perrear y Llorar,7ch7IMYm9DaujSfI1ToSzu,Mi Error
1027,Perrear y Llorar,3jUBszAaGpZq2Nw12j6bVR,Vuelva A Ver - Remix
1029,Perrear y Llorar,17G9G5tBsdzmKmoHIh00sX,Me Gusta - Remix
1030,Perrear y Llorar,1h9P5WJwyvK8OB7O2YiXgp,Ibiza
1031,Perrear y Llorar,7syG2WcnpcoJvxSZT9VbAa,Yo Te Lo Dije
1032,Perrear y Llorar,0sPTfDSZgE3KvcvqaKPtEx,Tanta Falta
1033,Perrear y Llorar,6XBjCetHKdO5L9cwMDVffw,Hipócrita
1036,Perrear y Llorar,6lOrOSBGBDZXIQALvs8igt,Falta
1037,Perrear y Llorar,63LC0DlzmPd9TOYON8blfc,Instinto Natural (feat. Sech)
1038,Perrear y Llorar,0AobgJo4CiiUPxnQktjswB,De Mí Para Tí - Remix
1039,Perrear y Llorar,6wHm04cn5HxK6pE2ITEdUS,Te busco (feat. Nicky Jam)
1040,Perrear y Llorar,1nfyE13arjOuO54HH0zmqj,Esperándote
1041,Perrear y Llorar,33b2wX9d0kxqxhi7lcsC1A,Unica
1043,Perrear y Llorar,1R4GtCpgZ9T0GQyHPsJVEW,Qué Te Está Pasando
1044,Perrear y Llorar,2SSYqDX8KTgy01NlqtUo0F,Ya Me Enteré (feat. Nicky Jam) - Urban Version
1045,Perrear y Llorar,3DN6Gss0WIEMXc1AvnrAA5,Ay Corazón
1046,Perrear y Llorar,6kOHug1s9Nd5gsHrX8irs2,Mi Mala - Remix
1047,Perrear y Llorar,0L3DcFGrGtixx5MmxJbJNI,Dispuesto (feat. Ozuna)
1052,Perrear y Llorar,51uLQESb4VnYAbs5WtGxho,En Cero
1053,Perrear y Llorar,2PgsOTPkF25VJ9cZmUjSKE,La Realidad (Remix)
1054,Perrear y Llorar,7M8K2ermHPnLJildw6F6EP,Aprendi a Amar
1056,Perrear y Llorar,0vRPGvIiFaRwohogbqmzKx,No Te Vayas
1057,Perrear y Llorar,4VTTpwcAxVSQNzEZLi75d0,Déjalo
1058,Perrear y Llorar,4vlbjBSMqycZk6t4HVRpnC,No Quiere Enamorarse (Remix) [feat. Daddy Yankee]
1062,Reggae Classics,2Wv7ETWvaAmsQT2hk0Hk76,Lips of Wine
1067,Reggae Classics,0bJ4nQojefjNpeuZNkiLrX,Funky Kingston
1068,Reggae Classics,0jlpgMdHL9Ar7CXlePtaql,Could You Be Loved
1071,Reggae Classics,6jNKJ3tW2MOApL3cYMSj4L,Blackbird Singing
1076,Reggae Classics,4snbdgmZZH2Nqt3aIp5DqF,Swing Easy
1081,Reggae Classics,2ndv4sCWLXakWkpagG2CqH,Working On a Groovy Thing
1082,Reggae Classics,4aCsgwFhbZ8CmYAotK7W2B,Let Down
1085,Reggae Classics,7GUdxwA5wqhkJI5QaFynFn,Ba Ba Boom
1090,Reggae Classics,3CCm37PRX6o0SAzgzR2WiD,What Does It Take (To Win Your Love)
1092,Reggae Classics,10McHNtBiND3fSJMuLqJql,This Is Reggae Music
1094,Reggae Classics,3zyzxwicHmLEX19tqcmGGn,Book of Rules
1095,Reggae Classics,2C7V873vI6fomP10lVwcfm,Don't Give Up
1096,Reggae Classics,7cfILJJHW9ZSkbM2ywLhiN,Pressure Drop
1099,Reggae Classics,0ee3Dr3rH7NSxOVcmlbsHJ,"Get Up, Stand Up"
1105,Reggae Classics,1Pi38NzwTfdbvmi46pJLSx,Artibella
1109,Reggae Classics,2QKh6t4JnWeTnzQpkNXhzW,You Can Get It If You Really Want
1110,Reggae Classics,5WUAZZPnLetCOjdgTaHnLp,Broadway Jungle - 2000 Version
1111,Reggae Classics,5vWscUwJJSsIvKR0YJa8cV,Think About That
1112,Reggae Classics,4jUgVrUXUs4rSTAPJZUpEO,007 (Shanty Town)
1113,Reggae Classics,0czsQ1YOT71kdVfyFoTy3U,Your House
1114,Reggae Classics,6O4FoKdYi42CFjfd0MM04n,The Sun Stop Shining
1115,Reggae Classics,7056gVvC7P3PpltHgippd2,The Tide Is High - Stereo Version
1119,Reggae Classics,5uPYEStMW3KsXnnLV7iCTw,Johnny B. Goode - 2002 Remaster
1120,Sunshine Reggae,1EiEPGecNb0Ctfc8z6ialX,Sunshine
1121,Sunshine Reggae,0FQJrnW7nH6P2LJsPk4aqX,Make Love
1122,Sunshine Reggae,1MIoqrkFISWV3q3JvifC4S,Morning Is Coming (with Shaggy)
1123,Sunshine Reggae,0pHYQzbf7xJiSCn79w8Efb,Get Free
1124,Sunshine Reggae,4YzBQfeZtXKEQABl61rT6f,Dance My Stress Away (with Stephen Marley)
1126,Sunshine Reggae,6JRLFiX9NJSoRRKxowlBYr,Is This Love
1127,Sunshine Reggae,3Az8go9U06odZrgjboL8eV,Sounds of Summer (with Slightly Stoopid)
1129,Sunshine Reggae,1NMgDAdSgLbC58dW5nZfK2,As You Are - Shy FX Remix
1131,Sunshine Reggae,0vSNrXPYNh0o7HdSLgsdIY,"Justice (Get Up, Stand Up)"
1132,Sunshine Reggae,4bLXcbMmmM4aAuhALEfyD7,Chill Out
1133,Sunshine Reggae,5kG1ARHk8dli0bKiMN2oE6,Cupid - Deluxe Edition Version
1135,Sunshine Reggae,4UNm4SNzlMECtFnzX4Sfh0,Positive Vibration
1137,Sunshine Reggae,4DQttwipnILl88cru3BRZx,Night Nurse
1138,Sunshine Reggae,0NUnfqwO7g4jAijTRhrjGv,Circle of Peace
1140,Sunshine Reggae,6e5qQcoIR6S8OfTJnYGn1o,Running
1141,Sunshine Reggae,4clUohoKu1S7YGM8SuCMrs,Still Go a Dance
1142,Sunshine Reggae,0N3YUncgwE66V0vpRHhdjJ,Train - Mafia & Fluxy Remix
1144,Sunshine Reggae,7d9hxwSIVfxXDE0I3VlWBo,Smoke Marijuana
1145,Sunshine Reggae,317UXTC1xTbzDeuJ9u77q8,Wasted Energy (feat. Kaash Paige & Diamond Platnumz) - Remix
1148,Sunshine Reggae,4OXVBbmqS1YoLTHrYYimuw,Baltimore
1149,Sunshine Reggae,3D1rlKmZdpYUeMtRRLNawc,Let Me Live (feat. Anne-Marie & Mr Eazi)
1151,Sunshine Reggae,2UgSjzu38lH37a5mgAM4sW,Stronger in Love
1152,Sunshine Reggae,2yoxgmN6Z1YHzRkbOk9x5s,Close to Me
1154,Sunshine Reggae,10RokxYn1aqGPeKGT5Z1C3,Lucky (feat. Emily King)
1155,Sunshine Reggae,1uvhSFCX6bQrbLIWhQsWiQ,"New World (with Matisyahu, Bumpin Uglies, & The Elovaters)"
1156,Sunshine Reggae,2c8SxnR1Y9m7v5WnpfaoZp,Monde de fous
1158,Sunshine Reggae,0FsqhyyHNZJfK29IpHihMK,No Other Love (feat. Estelle)
1159,Sunshine Reggae,7wrvNHeaoRB0jvjXpDEvwK,Have It All - Easy Star All-Stars & Michael Goldwasser Reggae Mix
1160,Sunshine Reggae,2IuJYsK6oaFId5SCp4D2b4,Cool & Easy
1163,Sunshine Reggae,6l3N5PqwZlGBRTMljrX923,If Not Today
1165,Sunshine Reggae,5s4fXhvpMYRasAqCb8zhoc,Little Green Apples
1167,Sunshine Reggae,5GrXshz0UGM1qP74PKHKOC,Already Gold
1170,Sunshine Reggae,3Nbgpc2ooFHtkCT9ZLRFXg,Animal - Mark Ronson Remix
1174,Sunshine Reggae,4s1SbOyRhLpRFWKRmxhhZ5,Come Over
1176,Sunshine Reggae,2mjlROYtPqKp9mWANqGtCf,Catching Feelings (feat. J Boog) - Bimwala Remix
1177,Sunshine Reggae,5DCEMewxezepGsTKEmLrFp,Roots Rock Reggae
1178,Sunshine Reggae,5rzpYteMpmaXAymIQoqmFC,All Day
1180,Sunshine Reggae,5f4Lo2AAIOiosMrsgCIFGZ,Let Somebody Love You
1186,Sunshine Reggae,5hrrgSG5jauJS19Qjvb7En,Prisoner
1187,Sunshine Reggae,4DkypNYUkFpVGti3L7wUC3,Wrong Decision
1191,Punk Essentials,5kD9T7GForh8LnRz5ClbL8,The Middle
1194,Punk Essentials,6L89mwZXSOwYl76YXfX13s,Basket Case
1195,Punk Essentials,4u4KpbgVzzF62uoOItsEiG,Self-Esteem
1197,Punk Essentials,3lyGPUbSIXOuOWZ636okzu,Mercy Me
1199,Punk Essentials,68pN2UQYhwQgPy7VrCFKuV,In Too Deep
1200,Punk Essentials,24k9bchbSS4FXJkTFp3Usd,Pain
1203,Punk Essentials,4sQJXbtxwoKHG7PwMRJ0Ig,The Kids Aren't Alright
1204,Punk Essentials,1jvqZQtbBGK5GJCGT615ao,This Is the End (For You My Friend)
1205,Punk Essentials,0xekz0DISgwV4pa1Gt3ui2,Fuck Authority
1206,Punk Essentials,6cL7NCFSvqWrBH5r4mkvVV,Superman
1209,Punk Essentials,0arNrzPygksLY2pEbRgBjw,The Artist In The Ambulance
1210,Punk Essentials,00AgttKx4gRJghhPETFrOE,Franco Un-American
1211,Punk Essentials,7yCPwWs66K8Ba5lFuU2bcx,All The Small Things
1215,Punk Essentials,0BRHnOFm6sjxN1i9LJrUDu,The Anthem
1217,Punk Essentials,4SdM8S3g7MZjEnbtU6eyXP,Cool Kids
1219,Punk Essentials,3LRJbFT9rKoKv4aW7PuBJC,Longview
1223,Punk Essentials,33iv3wnGMrrDugd7GBso1z,My Own Worst Enemy
1224,Punk Essentials,174t68Pnn9wb1UgM7fCRmY,Skate Or Die
1225,Punk Essentials,2g2a5kDeZexbUTD8abcvm6,Lifestyles of the Rich & Famous
1226,Punk Essentials,5AaIIXt2QEgDevuGoDC1je,Come Out and Play
1229,Punk Essentials,77BfOPXhlnNaSbg647qkx2,Pretty Handsome Awkward
1230,Punk Essentials,1fJFuvU2ldmeAm5nFIHcPP,First Date
1231,Punk Essentials,1sBxH9ZMMQ1dYlW3Ol18ae,American Jesus
1232,Punk Essentials,1hh4GY1zM7SUAyM3a2ziH5,All My Best Friends Are Metalheads
1234,Punk Essentials,7j31rVgGX9Q2blT92VBEA0,Teenagers
1237,Punk Essentials,05gqS78oJVqZIvIARimXjD,All I Want
1238,Punk Essentials,6nTiIhLmQ3FWhvrGafw2zj,American Idiot
1240,Skatepark Punks,0wQijUR7EPm5IvNEDFrWMa,Chelsea
1242,Skatepark Punks,4bF05KJHbr9sXJjgDiIQyq,Cobra Skullifornia
1248,Skatepark Punks,6cL7NCFSvqWrBH5r4mkvVV,Superman
1250,Skatepark Punks,451h1BW2NaOBnMXnbRJhkG,All My Friends Are Nobodies
1251,Skatepark Punks,1BqJIsOlo8rpm6FJ5N8VtJ,I Don't Wanna Be An Asshole Anymore
1255,Skatepark Punks,4YdSK6GVALPUDNij64lZ9F,Live While You Can
1257,Skatepark Punks,1vcxF91pWs9uNwDROuiCPB,Savior
1258,Skatepark Punks,0TilqqFE4PTarkBCsx3udk,What Are We Standing For
1261,Skatepark Punks,4Nlu8kaDCY6j2xdkOJ5HjW,Huck It
1264,Skatepark Punks,7AimHQrOUoUTYbVX87D3Zl,96 Quite Bitter Beings
1268,Skatepark Punks,1pxdFGV2kO8oBmM8vys3F4,Black Hole In My Mind
1274,Skatepark Punks,5kD9T7GForh8LnRz5ClbL8,The Middle
1275,Skatepark Punks,49KsGRK6Pq6pjlGvBQ8NoQ,Lie to Me
1276,Skatepark Punks,3c3XnCPwxGhQEHFxxjQcWe,Thrash Unreal
1279,Skatepark Punks,5YtpGJgS6vBDMMaguVeRDG,Worries
1280,Skatepark Punks,5H563lLtO41rxzmPxEgj1B,Veteran
1282,Skatepark Punks,1OGVFkHHzgupyil0N386Q5,hollywood sucks//
1283,Skatepark Punks,3hjCqnOScnTmhv2Xvvv8Mq,Reckless Paradise
1284,Skatepark Punks,1LWCv9GUT0Ls8v1Dlm6fEi,Back of Your Head
1285,Skatepark Punks,1rN0oCOxRqDhZlgbmr1KzV,If You're Looking for Your Knife...I Think My Back Found It
1286,Skatepark Punks,753Vq51xoF1V1pkoBKkVPI,Infinite
1289,Skatepark Punks,1DUnypzbJM62r6UOoHm6Qi,Lifestyles of the Rich & Famous
1291,Skatepark Punks,174t68Pnn9wb1UgM7fCRmY,Skate Or Die
1294,Skatepark Punks,5BdbpAak9RUhjwT8fwciZe,On A Turntable
1299,Skatepark Punks,0CL0dyPjXIE8zaAbCmvqVL,No Anchor
1301,Skatepark Punks,2I3HfKZFH69dLwhapHrI9o,Everything Went Numb
1303,Skatepark Punks,5xVwqU3u9tdY3zCxxdkHs7,Tall Cans In The Air
1305,Skatepark Punks,7cpCYJ7oiUMhgalxSZmNdf,Quarantine
1307,Skatepark Punks,3nhJpxZXEQTsZwrDUihXQf,Drunken Lullabies
1310,Skatepark Punks,41kg2RvdwBuIv0OPpvBS4v,Time Bomb
1315,Skatepark Punks,78MLd7i4qcG2nknFGRdjjZ,Scream Out
1318,Skatepark Punks,5njSPpv1nzVOBhDoHiibQA,Diamonds And Guns
1327,Skatepark Punks,5e3Zy2KYr34wbE450xQxcI,Everything to Me
1328,Skatepark Punks,3jGUd86f3hLJixceqMxHWi,Knifeman
1330,Skatepark Punks,7dVDWf0wud70V4PgYfKnaG,Burnout
1331,Skatepark Punks,2vJfFun6zWLzSiSl39LNqL,"Oh, Brother"
1335,Skatepark Punks,5GPrVZItFl0cxKNeRPDcPp,Fred's Got Slacks
1336,Skatepark Punks,1pNlZQeoPnlxqf1Mjgm0H2,Ruby Soho
1341,Classic Punk,5LgiqEgpK54OfXC6947wbU,Where Eagles Dare
1342,Classic Punk,5szJ8SMwQVEvvdk65w6M6g,California Uber Alles
1343,Classic Punk,0weTorJ7HSAdi874qIFCXM,I Wanna Be Sedated
1349,Classic Punk,7lSDCrF11sdTVfjbAQVZE8,I Fought the Law
1353,Classic Punk,33iQW2OneB0oNh2NfrAzqW,Blitzkrieg Bop - 2001 Remastered Version
1354,Classic Punk,0bHm2wFL0m7qZIlhO7PQu5,Ever Fallen in Love (With Someone You Shouldn't've?) - 1996 Remastered Version
1355,Classic Punk,75a66iUfwKdJb5n9juvXRI,Los Angeles
1357,Classic Punk,0kvH59HS2T2m4bsXJhBGNC,Lust For Life
1358,Classic Punk,5jzma6gCzYtKB1DbEwFZKH,London Calling - Remastered
1359,Classic Punk,2LUVo82IKIpCuBNSaqF0G8,Corona
1360,Classic Punk,1MPEPvmX18S9MK4RlMKIst,Hope
1363,Classic Punk,7xkSwLmSHDlnNuiePDgp22,Sound System
1365,Classic Punk,62uw0iWu8jLB4cYBQxjdcm,Damaged Goods
1369,Classic Punk,35PI5Hsq17h723EbyyDFsi,Suburban Home
1372,Classic Punk,7Ig7b1MJJKbNyTxLU6u9rZ,Suspect Device
1376,Classic Punk,49G0Rj1qpt75vdgiOo8QAE,She's Lost Control - 2007 Remaster
1378,Classic Punk,0Hl2Vuhhhh8buesoxUk1DW,Lexicon Devil
1379,Classic Punk,6yIaRcvzhIrukxS4VVhil0,Minor Threat
1381,Classic Punk,21vp1orbqySVyww9ngW44w,Viet Nam
1385,Classic Punk,4rpfA2rFOC7FMGxFNktB0i,Knowledge - 2007 Remaster
1386,Classic Punk,6pkv89yzv9kw6Vxhz8nSIH,The Passenger
1387,Classic Punk,3iTGXWfuazyOJBbjHXary5,Mannequin - 2006 Remastered Version
1388,Classic Punk,5Og9VyCOfxmZCuv1UhIyxE,Six Pack
1391,Today's Top Hits,27NovPIUIRrOZoCHxABJwK,INDUSTRY BABY (feat. Jack Harlow)
1392,Today's Top Hits,6PQ88X9TkUIAUIZJHW2upE,Bad Habits
1393,Today's Top Hits,3Vi5XqYrmQgOYBajMWSvCi,Need To Know
1395,Today's Top Hits,3Wrjm47oTz2sjIgck11l5e,Beggin'
1397,Today's Top Hits,3BZEcbdtXQSo7OrvKRJ6mb,MONTERO (Call Me By Your Name)
1399,Today's Top Hits,6Uj1ctrBOjOas8xZXGqKk4,Woman
1400,Today's Top Hits,463CkQjx2Zk1yXoBuierM9,Levitating (feat. DaBaby)
1404,Today's Top Hits,37BZB0z9T8Xu7U3e65qxFy,Save Your Tears (with Ariana Grande) (Remix)
1405,Today's Top Hits,748mdHapucXQri7IAO8yFK,Kiss Me More (feat. SZA)
1407,Today's Top Hits,1058fW9H3fZA6QjYCdOBad,Don't Go Yet
1408,Today's Top Hits,6KgtcmCF9Ky68XC7ezxl3s,Rumors (feat. Cardi B)
1411,Today's Top Hits,7MAibcTli4IisCtbHKrGMh,Leave The Door Open
1413,Today's Top Hits,4iJyoBOLtHqaGxP12qzhQI,Peaches (feat. Daniel Caesar & Giveon)
1415,Today's Top Hits,4qu63nuBpdn0qHUHuObEj1,Leave Before You Love Me (with Jonas Brothers)
1420,Today's Top Hits,4bF2y8rR7GUjrd5LNEvej3,París
1422,Today's Top Hits,6zSpb8dQRaw0M1dK8PBwQz,Cold Heart - PNAU Remix
1423,Today's Top Hits,3JR0ducCexKbeK47g6AHm5,Butter (feat. Megan Thee Stallion)
1426,Today's Top Hits,1sx0XsWUusUoPstbvokZjP,A-O-K
1427,Today's Top Hits,2UbVnbE5FH6008mAm6Mmgw,Run
1431,Today's Top Hits,4pt5fDVTg5GhEvEtlz9dKk,I WANNA BE YOUR SLAVE
1432,Today's Top Hits,2vmfvSoZBFAt9hhRoEByLi,Volví
1434,Today's Top Hits,6fRxMU4LWwyaSSowV441IU,Beautiful Mistakes (feat. Megan Thee Stallion)
1435,Today's Top Hits,61KpQadow081I2AsbeLcsb,deja vu
1437,Today's Top Hits,5zNW5ARjYhJQJz1AChP33n,Thot Shit
1438,Today's Top Hits,7BoobGhD4x5K96Me0hqC8Q,Build a Bitch
1439,La Lista Pop,0EtuSDTRJYUwlPf4y6coIz,999 (with Camilo)
1440,La Lista Pop,4HzqWEdAbzcVFDv0pvxV4w,Sobrio
1441,La Lista Pop,2f0Ft2XdvNSMSY5TUlZgEz,Saturno
1442,La Lista Pop,5iF33sXejXwfTuidVHMll0,Canción Bonita
1443,La Lista Pop,0IqCoZ168iRc9LqfrYgpZy,KESI - Remix
1444,La Lista Pop,2OTULPNeQUkwQ0tNzcG7tj,Loquita
1447,La Lista Pop,4WkEH0PgystZUaN6QU6Z0B,Maldita Foto
1448,La Lista Pop,6PDlkWmrq2ZKiUuFt2aQsH,Loco
1449,La Lista Pop,2rCbl9naJYhaxjLsfx88uM,Pareja Del Año
1451,La Lista Pop,5y7DaS3jAc9eZzcSOoUIwU,Una Locura
1452,La Lista Pop,0cOa970mzTWAxKtltpkpLc,Miénteme
1457,La Lista Pop,1Ht332hgVG71HLepGgKJnE,Apartamento
1458,La Lista Pop,35nO174gX5eCh9mPWvUe3s,Idiota
1459,La Lista Pop,1g4cZvi0nLeeIycd0Rkljj,La Niña de la Escuela
1460,La Lista Pop,2c6zZv6eIVs8wjFiFzJ913,Como Tu Decías
1461,La Lista Pop,5FcT2TuosRkokjn3xyncER,Casualidad
1462,La Lista Pop,6mm3K0yWp6uzfOMuipM9Zh,Tan Bonita
1463,La Lista Pop,4yVO0wOhXsZC1RuPgHP524,Amigos Con Derechos
1466,La Lista Pop,1LXb70u8SLsvBAPWHMCTMe,Machu Picchu
1468,La Lista Pop,5YYW3yRktprLRr47WK219Y,Ella No Es Tuya - Remix
1471,La Lista Pop,1PkE8LrFiHRqMq4Ik3w1pk,3 de La Mañana
1472,La Lista Pop,74znaWw1hmQBusGPSOuTFy,2:50 Remix
1474,La Lista Pop,5mROvpdGeu1vSbZhZoay5O,Alguien Más
1475,La Lista Pop,5kuidI7QNbpJCB1ObdCPKx,Te Mentiría
1476,La Lista Pop,21N4Buj4xsyLb218lYle61,Chica Ideal
1478,La Lista Pop,5Km4r87BoX2qqtoprYS1gh,LOCATION
1486,La Lista Pop,11EnQRgRMJwMAesfkB5pnu,Se Te Nota (with Guaynaa)
1487,La Lista Pop,7MoZgM6AsQaZw14WnKopuy,Miedito o Qué? (feat. KAROL G)
1488,La Lista Pop,0JAZWvvqttGFm4UMDsPQXC,Despeinada
1493,Heavy Metal,6zctLQjQkNI0agikPLbO9N,Stratego
1496,Heavy Metal,0iqJIE15UsLphh2BdZ3aoh,Party in My Head
1497,Heavy Metal,4YHFUrqEXEvHiiYx2NFwVE,Kids and Guns
1513,Heavy Metal,2Ei1eAAU4ME4ld72p9wCbW,Fever Dreams
1514,Heavy Metal,7G0n4t8Ul5r0BpS2lw5hYT,Die by the Blade
1523,Heavy Metal,5YAsSHVStxtvvwV00I5YS1,Face of a Stranger
1533,Heavy Metal,4N1TkZjFTiQb5aKJyVvqRk,All for the Kingdom
1536,Heavy Metal,2ySsqBhctUvk8eV10zHNhv,Slave to the Machine
1549,Heavy Metal,4lzDJauxyAWzUNNmwImSkJ,After The Heartache
1552,Heavy Metal,3a61be1anmjh3hzBrQzlYn,Sweet True Lies
1558,Heavy Metal,1KyA5lXW7cAgMLwxRdVAu3,Life's a Bitch
1581,Heavy Metal,4OPvE9zkbtPm5Awm5XtaB3,Shake the Baby Silent
1589,Heavy Metal,1xBRGN41DWx2vwNFY5CvGe,Night Witches
1619,Heavy Metal,3cnHO8mFG1tqSNWChMI1zh,Saturday Night (Hallelujah)
1639,Kickass Metal,0byOjuBP3FPk4aaGxb0miI,Bleed Me Dry
1649,Kickass Metal,6zctLQjQkNI0agikPLbO9N,Stratego
1655,Kickass Metal,3xGdLKQgJVowEX0mUDDaOg,Kill Beautiful Things
1689,K-Pop Daebak,3XHJUG5I2zYqOEmEZUX68n,Thunderous
1690,K-Pop Daebak,21aOLk12MksET8AsbU0SI6,LO$ER=LO♡ER
1691,K-Pop Daebak,0KGn1PDH5cqmD4B8GMVfae,SPICY
1694,K-Pop Daebak,4UaGQ2D4MBuRBWumZO52Ma,Paint Me Naked
1700,K-Pop Daebak,3wEYYVD6uC3A3LhVhqARZv,THRILL RIDE
1701,K-Pop Daebak,6HTwoo4dUOvePNqMsTarPA,Alcohol-Free
1704,K-Pop Daebak,6cqH1q7g5GeRVQVMK1Vc7f,Weekend
1705,K-Pop Daebak,0LThjFY2iTtNdd4wviwVV2,Permission to Dance
1706,K-Pop Daebak,2QdH0rKlV3d9Y6lWzcnlBH,In the morning
1711,K-Pop Daebak,35ylkTvU4CWnQVrYqsp2VQ,After Midnight
1713,K-Pop Daebak,3cGp1jXxLReLKz7QgVbWZR,Hello
1714,K-Pop Daebak,6B8MM3PVQtUbZLay7tP7er,Hot Sauce
1715,K-Pop Daebak,52CBUrIdyf8tbZaUY9iawE,After School
1721,K-Pop Daebak,2VJOpzv5sBpstCX9venJr5,Rollin'
1722,K-Pop Daebak,6GnB9rbi0bBFdHATpwCzwF,KISS OR DEATH
1724,K-Pop Daebak,54HsCR7lJJdwxmEnTY1JfF,Dun Dun Dance
1727,K-Pop Daebak,5xrtzzzikpG3BLbo4q1Yul,LILAC
1728,K-Pop Daebak,4EF941VzqGMLFnYlXH03hG,Make it
1729,K-Pop Daebak,46WaBBaEHzgbN88Ew0nh50,MAGO
1730,K-Pop Daebak,42fR3oINF3KfXCDtheoNiY,Don't fight the feeling
1731,K-Pop Daebak,4RewTiGEGoO7FWNZUmp1f4,Celebrity
1733,K-Pop Daebak,5iIpbD34k4wnuRMZDNnuWf,I'm Not Cool
1734,K-Pop Daebak,4cK8aSO2Ec4gmIjhtHfAKd,Right Through Me
1735,K-Pop Daebak,1Y8KxQUmP1xuaF5mNTYE0x,riBBon
1739,K-Pop Daebak,60VaORSJ5x1D4ZPSc0g2En,Bambi
1750,Jazz Classics,5z7deaTe21B7QVPhSDouL1,'Long As You Know You're Living Yours
1765,Jazz Classics,0DXb75jBHund71iIpnBBZv,On The Sunny Side Of The Street
1782,Jazz Classics,5rWLLUMytrhz5KJwNjEn5q,Soulful Strut
1788,Jazz Classics,4p4XgwnZJCYOWSvz8ruiOY,"Take the ""A"" Train"
1857,Jazz Classics,7unF2ARDGldwWxZWCmlwDM,"A Love Supreme, Pt. II - Resolution"
1885,Jazz Classics,4f0D7T8yswXUJ62AKLoMtS,One For Daddy-O - Remastered
1894,Jazz Classics,0CLbmkYmQIWiEwnsbOkLpd,"A Love Supreme, Pt. I – Acknowledgement"
1905,Jazz Classics,2wjHWYJVAs5TYSRP83JLmc,Footprints
1917,Jazz Classics,489alJQIWUauqzKTMuXRjm,Cool Out
1926,Jazz Classics,16nJl8NnriCJxraco5Zssm,Better Git It in Your Soul
1972,Jazz Vibes,610CBAPv4YqfNC3gXQBUoP,Enchu
1995,Jazz Vibes,1Tw5eaC33rVgyHYNKrNGjR,Sometimes I Just Wanna Be Alone
2003,Jazz Vibes,6dG2QxlOPL0WPmYyNCq9Wg,Take4
2021,Jazz Vibes,2f6nAGCq7u1dLobstbROyT,Stones
2070,Jazz Vibes,6jT11modKRcuxt9pmvAzy2,Superfly
2116,Jazz Vibes,4RIDlA3Zk2a1KMoIG2jiXd,Bout A Thing
2129,Jazz Vibes,0GtDUjBoDAqaJbJJlDWvvM,Blossoms
2141,Jazz Vibes,4KKCW5nGHbO0OqE4L02rhb,Dreamy
2151,Jazz Vibes,36ZfivTaEGVH1W2VfziDf5,Carla
2173,Jazz Vibes,0jvk77dyCUddjRW4plCiB7,Jupiter
2201,Jazz Vibes,1Nwnj9ugENubiCoq0Vu1kN,Dirty Neon
2205,Jazz Vibes,2OdQaEDo2xYhIy4CMabmFW,Focus
2224,Jazz Vibes,2TZdJVcH8Ui8l2GCv9WOW1,Apricot
2240,Todo Indie,7sqXVEoQnR5m6P9i8ICqD8,Ídolos (Los mejores momentos están por llegar)
2241,Todo Indie,5SeYlZyKVENMOxiSPQkKyw,El Fin del Mundo
2245,Todo Indie,6jmlMwy11AlRBxPXHsWfef,Dopamina
2246,Todo Indie,4YAM7ASsTFJfj2x5lweFLk,Los irrompibles
2247,Todo Indie,09XcYJZiHgliNNWYHILbXe,Podría Ser Peor
2256,Todo Indie,541hgOF71B92Jpg4IU6kyx,Turnedo
2263,Todo Indie,5dKiqWsg5dB9bBedpYlNkM,Maravilloso
2268,Todo Indie,13dMmPukc9JfWVqH8Wx1oO,Cosmos (Antisistema Solar)
2272,Todo Indie,1kjJLQhV2NDCWCf0ParWAJ,De Momento Abril
2276,Todo Indie,66NaxCx1xBV2QZ0ZTK3sXG,Otra forma de vivir - Estrella Damm 2019
2281,Todo Indie,2c2GSTYUlKmTOnKfwIeraA,Sargento de Hierro
2290,Todo Indie,3gGiux44HUyNIc1JF0VVsv,Verano del Amor
2291,Todo Indie,1aDMrWMALURihG7II4ROp6,Tigre de Bengala
2293,Todo Indie,3WIqOmbVEbDEtyoj4MFiXK,Charo (feat. Los Detectives)
2296,Todo Indie,04TXNerIjXWQdVXskVIxSr,Me Llamo Abba (with Kimberley Tell)
2298,Todo Indie,0eTNLIPzgURsXMdgX4cdpJ,LN Granada
2302,Todo Indie,2AviITab6bCBtts9zJIPYz,Ya mi mama me decía
2309,Todo Indie,3MiO992ns4FEMBVIfsfrE9,Isla Morenita
2311,Todo Indie,7hlR10JKqZ1BKm8PliNTak,Cuarteles de Invierno
2312,Todo Indie,35vfmroEiuStgd3AQ46J2Z,Cuarentena sin ti
2314,Todo Indie,6t6knHmmUVGnYHqQy7lTij,El Tiempo Pasará
2318,Todo Indie,6FlLVYCZz6GqdZqNFZ67tk,Salto Cuántico
2326,Todo Indie,2p0oHRooKITKxv3UbjgDzg,Un Golpe de Suerte
2328,Todo Indie,6yGP9c0OkKZgdqBjec9HMu,La Típica Canción
2329,Todo Indie,1ozbWlTQASs311dSO5R6vp,Lucha De Gigantes
2338,Women of Indie,7bATxrgsDi1cujPgPgMBZg,Comic Sans
2339,Women of Indie,172rW45GEnGoJUuWfm1drt,Your Best American Girl
2344,Women of Indie,1yYlpGuBiRRf33e1gY61bN,Night Shift
2346,Women of Indie,5TxwBIN4MTTWLvW3Tl5ttE,Big Wheel
2349,Women of Indie,4Sp5AdeCtHcPQc0KtJUAuR,"Oh, But Lover"
2350,Women of Indie,4MNu1bSmyV3S4Y2MJMGrrP,Headaches
2351,Women of Indie,4ydabrob4581SkaRuuN9YT,I Guess This is Life
2355,Women of Indie,43tQOLiTfoVwURdx5Ei7yr,Someone Else
2356,Women of Indie,1zIiJ3ilqu8Ch46pSMpIk4,Iceland Moss
2357,Women of Indie,3ShTaJBCOclymogQNzPde7,Buzzcut Season
2364,Women of Indie,6f4itfvWzS59Qu7JWorhxn,Movies
2369,Women of Indie,1BSTxGkSTTLwEpbuusHRzH,Your Dog
2371,Women of Indie,5YIVVzQcJG7pFhyNo0Ytlh,Door
2384,Women of Indie,0qqAx9YnwIEZ8y9OyTjZRc,Lucy
2385,Women of Indie,56PgQIFxAvXcEtXNYrsB0w,I Don't Know
2388,Women of Indie,0CZ8lquoTX2Dkg7Ak2inwA,1950
2398,Women of Indie,4ASZdm6CLLu0BnId42l5Gz,Good Girls (Don't Get Used)
2401,Women of Indie,2jGAR1n5D2z8WXYLsmjE4P,Me & My Dog
2402,Women of Indie,1BYZxKSf0aTxp8ZFoeyM3d,we fell in love in october
2403,Women of Indie,42EtdFbaqfBokco4oSBWsH,Due West
2406,Women of Indie,15GwXVerL8HSCf6zEf7aCG,Knock Me Off My Feet
2412,Women of Indie,6W8XOCAudICxfCjiNgH35p,GO
2421,Women of Indie,0TCRoG3C8ItxMC4VYtN1La,Now I'm In It - Bonus Track
2423,Women of Indie,7osHG7ptHSaprButptKH3d,Quake
2434,House Supreme,0csz09qS2n8Jo7LogHKu7j,Tondo
2435,House Supreme,0ib3Pdvgp2ZDk6nO1DC3sJ,All 4 Love (feat. Tasty Lopez)
2438,House Supreme,0m69QNuZVZDXhGHBGK1mQA,Set U Free
2439,House Supreme,2AK0dqael9a4phiB97QXO5,Ba:sen - Pool Party Dub Mix
2441,House Supreme,0DBnkbWalfo6TNjRcll0ui,Speed Up - Menesix Remix
2451,House Supreme,0y4BhKDH3cGPWg8UbHGlHl,Heaven
2455,House Supreme,3unK4aO28ZE2NNQM9BuCmX,Olvidar
2460,House Supreme,5ReLOUboXvaOVariwEJnl3,Like It Is - Mixed
2461,House Supreme,1uUOhrg9zNbam7HtmUfAu0,Naked - Fouk Remix
2462,House Supreme,5oNLz2yj6nXWNIAnsTH7Zb,Real Love - Kevin McKay Edit
2469,House Supreme,2AuKpfuRP1UYeKsXLXr6no,Marvins Touch
2473,House Supreme,7DEr2iSIyUqYwzsFWanmIV,Carefree (I Am A Star)
2476,House Supreme,4XNh03XZOu9CY0VjGGsrrU,It's Yours (feat. E-Man) - Distant Music Mix
2480,House Supreme,7lWCF3FwL6fhhDozRgiYww,You Can't Hide from Yourself - Qubiko Remix
2481,House Supreme,1BeZ3neH8aQioMKccVHdS9,Finally
2484,House Supreme,3stfe0XW3KIF1G1MNyn238,Drowning In Your Love (feat. Jem Cooke) - Mark Knight Remix
2486,House Supreme,2oVeXlWPMaRxwZzcVwqTmv,Good Times - Radio Edit
2487,House Supreme,6fbrnevm8nfmTn5cLlgHtX,Love Somebody Else - Sandy Rivera & Aruhtra's Mix
2489,House Supreme,40U8KhwvDcaoBFYV4hKfRn,Carry Us
2493,House Supreme,5PNvgiKSwMdjBsDsgFCFLX,Slow Down (feat. Jorja Smith) - Vintage Culture & Slow Motion Remix
2502,House Supreme,12KVUsP4XTG3iDgzD4SjGu,Sunny Days (with Dawn Tallman)
2505,House Supreme,0Sn2weTj8FtwkCoTD29LNf,Amen
2506,House Supreme,7nfQrgnnJFG9Fjlwg9FnWY,Change Is Gonna Come - Edit
2509,House Supreme,6Pf7har3IRGctriYzbanjM,Levante
2513,House Supreme,38HvJkH21S2bRciZHohv68,Hipcats
2521,House Supreme,4lVQ27mBsZva3LVf216HcQ,Warning (feat. Lynn Lockamy) - Mixed
2522,House Supreme,0U65qiH70mcfB1wyF0Mal0,Down - Franky Rizardo Remix
2527,House Supreme,5DL059fT2EWGJsurcEGlQE,Aquarius Swing
2531,House Supreme,0QrMI79qOhxVmjICelzbyZ,Nobody
2537,House Supreme,6xmiqFdYeWrRVwy4yqcqFm,Hold on My Heart - Zetbee Extended Remix
2539,House Supreme,6BJUUSeRzTgzcD0dkfdlJK,Let Me Stay
2543,House Supreme,4FvJTqvTXr0e4reHF6CKH8,Spiritual Thing
2548,House Supreme,0O150NBPq9Bb0WUBznAlF0,Back Together (feat. Ron Carroll) - Copyright Dub Mix
2549,House Supreme,6g99OTGhJ4BnXDHerdufGR,Love Story
2552,House Supreme,5zOPtrHceMJO6ydtLPvObb,Bangene
2556,House Supreme,5axLNrpscu7jZRQSd1gcTk,Feeling You - Henrik Schwarz Remix
2561,House Supreme,7mUYdPpOKMG9xYaks22yiP,So Good Today - Yoruba Soul Remix
2562,House Supreme,1QNjek9Ed5dLJyzEkGgYTE,The Way You Love Me (feat. Marc Evans)
2570,House Supreme,7GhnJwfACNTFXOlyByTWtK,Bayside
2577,House Supreme,6NYctBsuODhva162XjwYq5,Cada Vez - Grant Nelson Radio Edit
2578,House Supreme,65sFFFXhTBjjqOTQrTEhud,Reckless (With Your Love)
2579,House Supreme,56gkSicj4dcPgZ3jw5IiRC,Take Me Higher - Original Mix
2592,Rap Español,4giqHKNXkhBYgshuAb7hxH,Pandemonium
2594,Rap Español,7zrmKJCfEHluOWJy8LFnTs,Ringui Dingui (con SFDK)
2597,Rap Español,5Qn3vK8wlpxGTIrCUKVzE2,No Hay Manera
2601,Rap Español,3OpnE4qm71EGJEOTCKMHPq,Maravilla
2604,Rap Español,7sLAaxuPpzSBZHJeDdhz2U,Bang Bang
2608,Rap Español,34fKPzASNYaX70vBeg24Lv,Bukowski
2610,Rap Español,2AJE7bubR0uhLhEXhgyerM,El Patrón
2614,Rap Español,7BMdZsDXxPH6Db3Ug6A2q2,Pa que lo gocen
2615,Rap Español,2cAlHsqGkTYqQEEZCrMrF0,Mortales
2629,Rap Español,4RzK6pnsDqUfEBdSvJBXjz,Etapas raras
2631,Hip-Hop Anthems: Def Jam,7m97yKVzPpXV9Z4ezEziOD,Big Pimpin'
2632,Hip-Hop Anthems: Def Jam,6jaj4k0LwFLy1q54TXZZpZ,Stay Real
2634,Hip-Hop Anthems: Def Jam,2TZuNkLb0J6oKLEdlZ0XX3,Tie Goes To The Runner
2635,Hip-Hop Anthems: Def Jam,740gNyGWKk98gy8nJLhHrv,Slippin'
2636,Hip-Hop Anthems: Def Jam,6VqQjCxM21kapF2RxdTtYA,Check N' Me Out
2638,Hip-Hop Anthems: Def Jam,4Qxv2L4JICAWLFrBV6QeH8,Around The Way Girl
2641,Hip-Hop Anthems: Def Jam,67mtN6BlsJR0LVyzvNZnGt,Tonight's Da Night
2643,Hip-Hop Anthems: Def Jam,0LWkaEyQRkF0XAms8Bg1fC,Party Up
2644,Hip-Hop Anthems: Def Jam,0ySoJyAbKGLI5yShGBOIQ8,Daddy's Little Girl
2645,Hip-Hop Anthems: Def Jam,3WXNzlFDSfjEmNFUOSccf7,Symphony 2000
2646,Hip-Hop Anthems: Def Jam,0W2mz7mvaBaEsC4rmoRNPn,Slam
2647,Hip-Hop Anthems: Def Jam,6aJ90LBl96bly9zuEH1U2X,This Is How We Do It
2649,Hip-Hop Anthems: Def Jam,3F3R4uyTMkX9jRCEVVmdz6,Bring The Pain
2650,Hip-Hop Anthems: Def Jam,0s46SltT4On0Z6kglK1I5c,I Just Wanna Love U (Give It 2 Me)
2651,Hip-Hop Anthems: Def Jam,17GdAx0kHOFNXZiCj8HuOW,Headbanger
2652,Hip-Hop Anthems: Def Jam,350tsRjB2hVodX7wjCMHcS,Deeper
2657,Hip-Hop Anthems: Def Jam,3eY9pixHny3kVRLeqNezQx,Smoke Buddah
2659,Hip-Hop Anthems: Def Jam,0ZHu7jkSSrT0eK4OxuG4O5,Excuse Me Miss
2663,Hip-Hop Anthems: Def Jam,0Mu1MYdE414HeybYSms5KK,The New Style
2664,Hip-Hop Anthems: Def Jam,7Afjy65bIVBMpFwCLTiuEe,Time 4 Sumaksion
2667,Hip-Hop Anthems: Def Jam,0f1yzIIGD8k32DNVeEn6jb,You Gots To Chill
2668,Hip-Hop Anthems: Def Jam,5JV45IebgbfO3EylYV49rl,Mona Lisa
2669,Hip-Hop Anthems: Def Jam,1zONdCQrEJ4t3mlzKQADEN,Rebel Without A Pause
2673,Hip-Hop Anthems: Def Jam,10EGxvr4fSE42ABWZeJ3K3,Izzo (H.O.V.A.)
2674,Hip-Hop Anthems: Def Jam,0hbSQvosqCvCFaiSRPEUYP,"Girls, Girls, Girls"
2675,Hip-Hop Anthems: Def Jam,3cb6gJ7SHYuZ3NVm996ffD,The Ruler's Back
2676,Hip-Hop Anthems: Def Jam,5qxChyzKLEyoPJ5qGrdurN,No Sleep Till Brooklyn
2677,Hip-Hop Anthems: Def Jam,1xZdjsAGrY4BUIbIlYy3EX,Strictly Business
2685,Feelin' Myself,5zNW5ARjYhJQJz1AChP33n,Thot Shit
2687,Feelin' Myself,748mdHapucXQri7IAO8yFK,Kiss Me More (feat. SZA)
2688,Feelin' Myself,6KgtcmCF9Ky68XC7ezxl3s,Rumors (feat. Cardi B)
2690,Feelin' Myself,10hcDov7xmcRviA8jLwEaI,Need To Know
2692,Feelin' Myself,3jRHehB5ulTMKfK5WaqDqc,What’s New
2693,Feelin' Myself,1j3SdMJfeRJXycCp50boYE,Yucky Blucky Fruitcake
2695,Feelin' Myself,0osnnNi8fqEL432Xkyvvo7,Toot That (feat. DreamDoll & BeatKing)
2696,Feelin' Myself,7zEz7q43xjzbRSUar4yH3m,Fast (Motion)
2698,Feelin' Myself,4WaaWczlVb1UJ24LILsR4C,Venom
2703,Feelin' Myself,3vbfLTQ4F7CvL3DGO1cdZF,Is That Right
2705,Feelin' Myself,6WYxEIpgD3dDWyxTFcPCXv,Like A Pro (feat. Juicy J)
2706,Feelin' Myself,3rayWrmamTxsGSNGjsuetG,Now What
2707,Feelin' Myself,4GJxR7QdKAi0uTfPXwQ9LC,ABC
2711,Feelin' Myself,75ZFGdpN1u4fuk4axSMjhT,TWORK
2714,Feelin' Myself,7cZVHLMtivlPLHQgqQCGxZ,Eenie Meenie
2715,Feelin' Myself,2b3mMAnExnoWf9UM2VnTYt,The Biggest
2722,Feelin' Myself,07visrKhzsukpqOj1FnpPX,Blue Hunnids
2725,Feelin' Myself,4buaMK8tYXGF7Ca3u8iLtE,At The Top (with Kodak Black & Mustard)
2743,Grunge Forever,6gZVQvQZOFpzIy3HblJ20F,Man in the Box
2746,Grunge Forever,3bE5slaVEfaDreqARl6k4M,Yellow Ledbetter
2749,Grunge Forever,2JdzB67NvIa90K4gEZPLeX,Lump
2750,Grunge Forever,2nzlgHTbUDzuRtTFoX3qfJ,Glycerine - Remastered
2752,Grunge Forever,6ifDwKH8OlIWPcXuWMyST2,Volcano Girls
2754,Grunge Forever,1f3yAtsJtY87CTmM8RLnxf,Smells Like Teen Spirit
2757,Grunge Forever,53eJFr4Mfbw5PXJ01K6cFw,Daughter (Remastered)
2758,Grunge Forever,2tkyEHSkv0I3l4OkBe1FnO,Spoonman
2759,Grunge Forever,3e2fDgC93LGc9Lbdvr6I9k,River Of Deceit
2766,Grunge Forever,0ecuZefr04QYl0cGpT53Nz,Cut You In
2768,Grunge Forever,2dLBo6rg8B2OuhuCETN9Dd,Crown Of Thorns
2769,Grunge Forever,6qJw4fs0BB5pxYvb9RXuJk,Between The Eyes
2773,Grunge Forever,50f5BoytJN3FrlUtDgltO5,Crazy Love
2778,Grunge Forever,7HvRYprYqG9Plg5qjZ4yfH,Swallow My Pride
2785,Grunge Hits,6gZVQvQZOFpzIy3HblJ20F,Man in the Box
2787,Grunge Hits,1jMaB19DiVR8OihLSuYFOt,Spoonman
2793,Grunge Hits,5Xak5fmy089t0FYmh3VJiY,Black
2800,Grunge Hits,3w5Ekq9O8g0gGFEsT77Ydi,Serve The Servants
2801,Grunge Hits,1FTSo4v6BOZH9QxKc3MbVM,Song 2 - 2012 Remaster
2813,Grunge Hits,2JuasWPUodaUxf5nwNpciQ,Nutshell
2826,Grunge Hits,4c12ahUsA8y19zQYr14Igg,Soothe
2829,Grunge Hits,4PtZE0h5oyPhCtPjg3NeYQ,No Excuses
2831,Grunge Hits,5ghIJDpPoe3CfHMGu71E6T,Smells Like Teen Spirit
2846,Grunge Hits,3FUsMXBxA4V7eUwQ7B0HQO,Love Buzz - Remastered
2852,Grunge Hits,3yHhqGoURhhU8fXEDshh6j,Lounge Act - 1992/Live at Reading
2855,Grunge Hits,5e3YOg6fIkP0wD5TyxcHOH,Cult of Personality
2859,Grunge Hits,1OCDCVzQVxVm2HceeEJTzm,Grease Box
2873,Grunge Hits,22Ntyke0ZDZy2Uuf8BEDkU,Dam That River
2881,Grunge Hits,4UJmPSJsBsIR1U0N79BU1g,Lake Of Fire
2885,All Funked Up,0F95zronVQU2C77EN15kny,Bewise
2886,All Funked Up,50kcNzbEiu0nlSKTGAJe9W,Brand New Day
2887,All Funked Up,5cicFBkl7O1Q7f4IKT20Mw,Cashew
2888,All Funked Up,7gsAzeAY7SZXcHbfGg9X0J,We Can Work it Out
2889,All Funked Up,4t9wvTjyCItyNZvWNVEBIA,Oh Savanna
2890,All Funked Up,5h4Gkr0lVkh90ejOS5MjNI,Repent
2892,All Funked Up,2XarYi1aq7MvLQPkYvwPrs,Groove for the Ques
2894,All Funked Up,4lHiCssWm534vTJdRrdNIR,I Did It to Myself
2895,All Funked Up,5JJjXx0PCTGLabGrLDruap,Juice
2896,All Funked Up,4xljuYgtxgfNAHqRXJDjMe,Bad Mother
2897,All Funked Up,5JfPmqLsOHBFqiMbjVcH5X,Funk Is My Religion
2898,All Funked Up,17bXySNIfVmyYBZnXoxFm5,Journey
2899,All Funked Up,4O3a9GrWo8F2Imxi1FDLdo,It's My Thing (You Can't Tell Me Who To Sock It To)
2900,All Funked Up,6xKbZckqJTzIStdlp9nIp3,Wildman
2901,All Funked Up,4rcIBssNKyGnS8UIWH9ixO,Justice 2020 (feat. Chali 2na & Trombone Shorty)
2902,All Funked Up,0qDpUNoPqMV4aTiVepqXOQ,Jam On
2903,All Funked Up,1QPkENda17YtGTbtYOrAL1,Nothing I Wanna Know About
2904,All Funked Up,1iU70BDVxffXYeY9R9XgNG,Super Solid Soul Vehicle
2905,All Funked Up,1r0nn0QF5tNJDtzoIj2mIB,Power Without Greed
2906,All Funked Up,226pEjWaakamKLxnoTSaVF,The Truth
2907,All Funked Up,0GjSGefxut8enOP0LFPlln,Mother Funkin' Robots
2909,All Funked Up,1ax95j7TLkNoP6UeQFlU22,Where Do We Go From Here
2910,All Funked Up,2AHtozTlrSktpu5CiWUpFf,Can't Buy Groove
2911,All Funked Up,6W8053NfZcRCSO2EAnDF3b,Rock Steady - Zigaboo Version - Remastered
2913,All Funked Up,5ANzbV4A2YA6EPP0e8asEi,He Said / She Said
2914,All Funked Up,7GO7XfiDsUysp4MMkdCiXo,Yes We Can Can
2915,All Funked Up,48d8lgSahjvXsfPc3dVXCo,Don't Give a Damn (feat. John McCallum)
2917,All Funked Up,35kDqdxX71QMxGN9TfN8Ze,You'll Be Sorry
2918,All Funked Up,70UPa0pzNUMKcRcq8JZ0YZ,Gumbo
2919,All Funked Up,0E02hR1cBcwaGhZBKboKts,Cross The Track
2920,All Funked Up,22ZZIvttMc2JsRC2hVrXyF,Witness 4 The Prosecution (Version 1) - 2020 Remaster
2921,All Funked Up,2r5zwMQ5dKB04MqVfc0IeH,Hard Up
2922,All Funked Up,4KeZ70RzWqbcplRkOfrku9,Dance Like This
2923,All Funked Up,3xq9srnNN0LBvha15ZWpTU,Look in My Eyes
2924,All Funked Up,3xDvyv5KF5Jvnycgutrgb9,Turn up the Sound
2927,All Funked Up,5qenhYD4ynkEEHDDwqBiEG,Shake It - 45
2928,All Funked Up,5eZlZq3LDJTaHPVb5j3tdC,You've Got To Change
2929,All Funked Up,4mvVLWbe50QZg4QJhzBztu,Rile 'Em Up
2930,All Funked Up,3nPUw7RAT82QX2Yg1awMuM,Pushin' On
2931,All Funked Up,21tzl7QqFs2UJwaGQpwtCk,Let a Man Do What He Wanna Do
2932,All Funked Up,7Mg0Lbc0ehV83usNMmZlKi,Wanna Do (Funk With You)
2934,All Funked Up,0KlnFmi4G9od9PQ2niFSGO,Whatever (feat. Bootsy Collins)
2935,All Funked Up,3ZQZUODe0CoMcgndwZ7cK9,Let's Celebrate Our Love
2936,All Funked Up,7uil4nygkuyV7Fnv3ujt7f,Until I Met You
2937,All Funked Up,6tkrORqB1r56TV43CuejIR,Don't Let Him Fool Ya
2939,All Funked Up,1TvQqcEiMkUqWXKwLpEEMy,Heat
2940,All Funked Up,6ZFuCHvdJbiuPrc5FTQ4Kz,Something To Do
2942,All Funked Up,2eoDZsvrMKU7Hh9qZhkpsD,Mister Man
2943,All Funked Up,1E6CbYhTHxWgRk9ZIH4Gj5,Watcha Want From Me
2944,All Funked Up,1PS0E4x777UMWqm47foX5W,The Wild Root
2947,All Funked Up,5BXZOifc6Z6M2QCYWPFspA,.img
2948,All Funked Up,4UdJg615OBpJu6MepS6Hq8,We Can Move
2949,All Funked Up,4QtS7BCHG2jO3ka89o2eed,Pocket (Radio Edit)
2951,All Funked Up,2RAwBuzTF0bFlaOjd1kAQu,Kings & Queens
2956,All Funked Up,57Gbsto4EnpOEUtklQQSSm,Hold It Down
2958,All Funked Up,6puGnKlOsMcu5SkcEEdHkg,Got Me Funked Up
2959,All Funked Up,2ON7wWva8R2XA5l5PODZ75,Howlin'
2960,All Funked Up,7irxgIZPujseydOU1F9DGr,Your Touch
2961,All Funked Up,28YkfGOg7FmjJpokMe9wS6,Confident (feat. The MB's)
2962,All Funked Up,62cpkcxwJTpfX5PYSiyBEn,Superstar
2966,All Funked Up,1lgsm58CmP87rlry7TEPgo,Good Thing Guaranteed
2967,All Funked Up,3EeKxDfgZh7O1YyjzgwDTc,We Got What You Need
2969,All Funked Up,50PHCDLzmVxGqkMXFYOZGN,Superstatic
2970,All Funked Up,0lWEatZXBBYUzEQX5aMeSj,Like Sugar
2972,All Funked Up,3ZoLqDFPHCyq4jeIMHBODq,Hangin' with My Baby
2973,All Funked Up,27iGHkO0uIiMgHuwLNlPup,The Wolf
2974,All Funked Up,4tbKutO3WSFhNyLaUs3F3s,"If It Ain't Funky Back It Up, Pt. 1"
2975,All Funked Up,3NuoTeIShELS6qTu2I71oS,Tequila
2976,All Funked Up,62jUuzrmyy1QMaPiVsr6mZ,Stuff
2979,All Funked Up,17YDXy3iaj6De4pcCyxlGB,New York Beat (feat. Lucinda Slim)
2980,All Funked Up,6SLHenZf92A605uJP5dURV,Pick Up On Your Line
2981,All Funked Up,2dbQacV2GvNZK51NB49M8s,Springtime
2982,All Funked Up,0mKQusD6F8gXxjad55pQYe,Soul Sound System
2983,All Funked Up,31pQtFVYEWAIkYPjSzz4nM,The Love You Left Behind (feat. Alecia Chakour)
2984,All Funked Up,2zOdVxcYXq7i04m7gnrsr0,Night Time
2985,All Funked Up,38zPYzuphYkAEygg8Y6Fhb,Janxta Funk!
2986,All Funked Up,1XW9m112RR33Xud3BmdHvd,Just Say Nothing (feat. Vanessa Haynes)
2987,All Funked Up,0POKng0AB6Z2PjFYQo2B3U,Pacified
2988,All Funked Up,5XgkwPu4UjZ6MHXp2kJgkd,Gotta Get Funky
2989,All Funked Up,33qbRR8yZt50GKrYVsz9tm,Flow with It (You Got Me Feeling Like)
2990,All Funked Up,2INsiycUgobLSy4ksO4MzK,Paint The Toon (feat. Connie Lush)
2991,All Funked Up,0uV4hoKCnJIlveeJZKhgux,A Message from the Meters
2992,Funk & Soul Classics,4yKZACkuudvfd600H2dQie,Get Down On It - Single Version
2993,Funk & Soul Classics,0bRXwKfigvpKZUurwqAlEh,Lovely Day
2994,Funk & Soul Classics,5qyq1H5OPMlfuvZQ1wQNo7,(Your Love Keeps Lifting Me) Higher & Higher
2997,Funk & Soul Classics,62r1CS9zL1FL5Ilb7hLX7n,Take Me to the River
2998,Funk & Soul Classics,4RQgqR09VmHn345vRhKQ6T,Sir Duke
2999,Funk & Soul Classics,4fMXQkXkfmO6KWKVwxvkWT,How Long Do I Have To Wait For You?
3003,Funk & Soul Classics,1l1YTy9nJ0trwhsCGcimly,It's A Shame
3004,Funk & Soul Classics,455HSLQfOn9vxG6UjzoTWw,This Old Heart Of Mine (Is Weak For You)
3006,Funk & Soul Classics,1h2xVEoJORqrg71HocgqXd,Superstition - Single Version
3007,Funk & Soul Classics,0Kehy5ONzB3tgvo3KRdcvW,Mr. Big Stuff
3008,Funk & Soul Classics,2wibvZtPbMFbZf2lOwnzeK,Street Life
3010,Funk & Soul Classics,7IQMKJNcppgahjNWVPmxkl,Give Me the Night - Edit
3011,Funk & Soul Classics,3M5eeHXgG4VplKNcsBC8Dj,"Signed, Sealed, Delivered (I'm Yours)"
3012,Funk & Soul Classics,58T7gnGRkxnIIiabafZ7RA,Got To Give It Up - Album Edit
3015,Funk & Soul Classics,262qk9k0LTyMXmjH9YT2xU,Kissing My Love
3017,Funk & Soul Classics,6qH6xP8tzxvZlCcmHit4AL,Inspiration Information
3018,Funk & Soul Classics,2Udsvry9IltDkelRQ7X4WU,I Believe In Miracles - Extended Version
3019,Funk & Soul Classics,4N3stlRuz5cBNI4J4vDJ18,Good Times - 2018 Remaster
3021,Funk & Soul Classics,34b3a3Pz9Jlz0092LMyNAB,What's Going On
3025,Funk & Soul Classics,5q5q7yDHiVkBnaivsda4TN,Uptight (Everything's Alright)
3027,Funk & Soul Classics,4W8IEREeLldaSQyGXcZQ2I,Strawberry Letter 23
3029,Funk & Soul Classics,4rS4K30qVDExdjeU4feF4c,Keep the Fire Burning
3030,Funk & Soul Classics,46pW0poQYEb2bVaqozGO59,"That Lady, Pts. 1 & 2"
3032,Funk & Soul Classics,4czNORk5MjW5WOn98bki32,All Night Long (All Night) - Single Version
3034,Funk & Soul Classics,6Xj6WksWmPX147s4FwNOXq,I Want Your Love - 2018 Remaster
3036,Funk & Soul Classics,0klZpFX0a84jdkqzPNrLQs,You To Me Are Everything
3039,Funk & Soul Classics,45n7W7WLGntk46zi08LmVz,I Bet You Look Good On The Dancefloor
3040,Funk & Soul Classics,53Za5vyGc1x7GxgJVRjRKc,Ain't Nobody
3042,Funk & Soul Classics,0pvA063uNyGQFp7DNtmk0P,Sweet Soul Music
3043,Funk & Soul Classics,6pMHMzwTsWIxLigr54GGVm,Rock Your Baby
3046,Funk & Soul Classics,1jyFhPbKXwWAFEyg4X2ymb,Let's Go Round Again
3047,Funk & Soul Classics,4Xz9c4VECdI8Y2EhTSo9Vi,Nowhere To Run
3048,Funk & Soul Classics,4gRA0i5sxx3jAhHaVjPnUN,Use Me
3050,Funk & Soul Classics,1oFiPGBafH9Woo9AMwgBSl,I'm Every Woman
3051,Funk & Soul Classics,5bQduNI1lNfkNbDCKhBNX6,You Can't Hurry Love
3053,Funk & Soul Classics,0QMFMQF3HoSk5WvMyx8aMT,Money (That's What I Want) - Single Version / Mono
3054,Funk & Soul Classics,4TG6Mu9c0229TzjPr83X9o,A Lover's Holiday - Single Version
3060,Funk & Soul Classics,4NL8D4RQsC6ux6eI3m3Lg5,Everybody Needs Somebody to Love
3061,Funk & Soul Classics,2ADfheRRkK5P2f1t8si3Lj,Tainted Love
3062,Funk & Soul Classics,0CcL4kSHKIEwF3IW0BGgb6,I Can't Stand the Rain
3065,Funk & Soul Classics,00kvKlIvfzQLSi6T2zwXuS,Strawberry Letter 23
3066,Funk & Soul Classics,4j0M3v7GPijfIrzjN8QcuK,I'll Take You There
3068,Funk & Soul Classics,7sa9QlfY9MUYT2ysod85Rz,Come On Train - Original Mix
3073,Rumba que tumba,3SK45LddxlEkzI8OWO9Eyo,Ingobernable
3074,Rumba que tumba,5EMWsTqsqmqEgnvDT5UY2M,Quiéreme
3076,Rumba que tumba,15m2Op4d1ZtX0ScPaDNKcd,Vino Tinto
3077,Rumba que tumba,3qzVJh6INW1CzSDVR9MRgS,Bamboléo
3078,Rumba que tumba,5hJ3UUZicnpl9DnBQFshUP,Ay Que Dolor
3079,Rumba que tumba,0IUFjvwlh18TWiTi6kO5pP,Como un burro amarrado en la puerta del baile - 2008 Remastered Version
3080,Rumba que tumba,0DXI6c9tNWsI4tvUftkQN8,Tu Calorro
3084,Rumba que tumba,5OaqffbeQyVVqtnA71Ci7K,Por la Raja de Tu Falda
3085,Rumba que tumba,6S27W9AlUskEmkHkRDkpko,Mala Vida
3086,Rumba que tumba,4t4zCqkR9k3f1nnP4Kyi8R,Pa los Flamencos
3087,Rumba que tumba,186afFfe9E4NSyFSvroz1j,Sin documentos - Edición Aniversario
3088,Rumba que tumba,6ye25NazQfUWrCTdCH3cXX,Fuego
3090,Rumba que tumba,0hhejdWCd0SktZ7jgtVHmH,All My Loving
3091,Rumba que tumba,0HLcI3RpxigxlKDOa92hZg,Orgullo
3092,Rumba que tumba,4fXs4EHJy5FDlsz1K8bN2m,Torre Baró
3094,Rumba que tumba,6shvAFKsshKhvsazuGO404,La Quiero a Morir
3095,Rumba que tumba,4BMdbeyLy6eftMAsTpLgKq,Ella Y Yo (Rumba)
3096,Rumba que tumba,29KbXNVf4P7AHT0jN9PDiy,Se acabó
3098,Rumba que tumba,0lWXOXQyglWXcDoUg5SN6o,Dame Veneno
3100,Rumba que tumba,5Zjcq47DoBhZqC5VLQ7YZj,Pasa el canutito
3103,Rumba que tumba,7wjQF9XTCrjvQZLeZBGMWs,Lagrimas De Amor
3107,Rumba que tumba,5QfmCmdL4qnzqMz5Z0gvzV,Te Estoy Amando Locamente
3108,Rumba que tumba,0Fy2FQixaKKwp86YfRPlNY,Siempre Que Quiera
3109,Rumba que tumba,4RCc5vMEoXIe5XWDhlhiQS,Me Enamoré
3111,Rumba que tumba,5s2tirPnLyrdJvFPRvrSZ7,No sabía lo que hacía
3112,Rumba que tumba,7DMDF6jlFafXkSzQMhprzo,No Se No Se
3114,Rumba que tumba,2Ic5UoqCILAWKIL0rcZ5vY,Poquito a Poco
3116,Rumba que tumba,0wQCKR9OFjYu5Kzrk7WivJ,Corazón partío
3119,Rumba que tumba,6LHVNBgyl3642hA7MTXP89,Sin Piedad
3121,Rumba que tumba,01ENxVNc5O762d0xGpHIA0,Libertad
3122,Rumba que tumba,3vUlwYTnFIHHHmUCDbvHkR,El Vaquilla
3123,Rumba que tumba,0LHl2T7061gWr8qlfEAmZ5,Me ve como un amigo
3124,Rumba que tumba,0cIxEb7EwtIL6usYVdody0,Jaleando
3125,Rumba que tumba,7MpVs17sboodYazvK1nSg0,Verde
3126,Rumba que tumba,0Wt0Du4kYsAtZ92lVSAIhb,Espinos De Seda
3127,Rumba que tumba,2UHZdhZt1p71hzCtJVb7tR,Vuelvo A Casa
3128,Rumba que tumba,2tzM6Sua38nzXjWv2oTFrJ,Marcha
3129,Rumba que tumba,14jF23bHfk1eOKwrj8dI1m,Vete
3132,Rumba que tumba,1duxmmUVIHJXZJeryFzUs4,Dentro de Mi Corazón
3133,Rumba que tumba,5G5X3jBMWIw2l0dagOip3q,Qué Mala Suerte la Mía
3135,Rumba que tumba,5gHOX7HopYbXm6h2JBInlh,Callejero
3136,Rumba que tumba,70s3nnlYtWNvyatMThvqqu,Cuándo va a cambiar
3146,Flamenco al Día,4BREd1vqbOIIo4KHR4EfKb,Desde Puerta Real (Tangos de Graná)
3147,Flamenco al Día,1CZAErfP2E0JUFEno08WnD,Testamento
3150,Flamenco al Día,4P2YTL2mla1MVm8xDDDF2i,Bulerias del Mito
3161,Flamenco al Día,3jbM0mCmr2izcMAAcFBaC6,El Festival de la Fantasía (25 Años Festival de Jerez)
3171,Flamenco al Día,7dsvgDOLZNAjwX8po4gSsZ,Novia moderna
3184,Flamenco al Día,0q2GrOhur9I36Pf4Sr7eNX,Me Gustisela (Tangos)
3196,Flamenco al Día,6LeRoGAlVdJFK5DPsKShZ2,Porque La Vida Me Da
3209,Flamenco al Día,0hbutzfr4ItrvXiGtWnlNq,De Chiquita
3212,Flamenco al Día,0uLRVsjA1wdJwy8kYSowG1,Me Lo Puso Camarón
3218,Flamenco 100%,2pb85vmXEfRKI3DjjUBvum,En lo alto del cerro (Tangos)
3219,Flamenco 100%,30jAaWnKDzPLGETJwwPON6,Soy Gitano - En Directo En El Festival De Jazz De Montreux / 1991
3230,Flamenco 100%,1eVnOimXaPos2ua7Rxb7vY,Llamale Amor (Rumba)
3244,Flamenco 100%,4bFaDjWTSbudJdO9J0fp71,Nuevo día
3266,Flamenco 100%,5RBUCbDoY0uWdgjLRdtbsq,Tu Mira - Edit
3279,Dance Party,3rgTS3933lMWoPiN6CW4qY,Kids (feat. MKLA)
3281,Dance Party,6Dy1jexKYriXAVG6evyUTJ,OUT OUT (feat. Charli XCX & Saweetie)
3284,Dance Party,4cG7HUWYHBV6R6tHn1gxrl,Friday (feat. Mufasa & Hypeman) - Dopamine Re-Edit
3292,Dance Party,5bbtc9t6FcerXp732H2XNu,You - Topic Remix
3293,Dance Party,7ltLi7CG003USSGYsSba9s,It Don’t Matter - Spotify Singles
3294,Dance Party,1kTlT3phtU2yqTJYT1x6hb,Fireworks (feat. Moss Kena & The Knocks)
3299,Dance Party,7GiozRoMk95aFl1WbrDdjX,Nobody
3302,Dance Party,4AL1AOOFk7Bqe4XFs8cN86,Don't Speak
3304,Dance Party,7JdiXX87BugXUDhQ89GEc8,Deep End - SIDEPIECE Remix
3309,Dance Party,6D9pncRlZZoq4oc1tzAC1y,Silver Lining
3314,Dance Party,3JsmrruMp8AWcbEZ4342JY,Sad Songs (feat. L Devine)
3319,Dance Party,6s3OlLs8Ey8LCol4xaDb6R,Don't Even Know Your Name
3321,Dance Party,055Mme9ReKK99jRFA5UJ55,Get Out My Head
3326,Dance Party,66W1rVTnEv86dIkFhoiElg,Secrets
3327,Dance Party,1dK5t2UGFfEAY7vBDb75Gz,Lose CTRL (feat. Sash Sings)
3330,Dance Party,2ipTMqLLogZOwB3VXafqTR,Not Dancing
3332,Dance Party,6bVWGtN2BVH53il4JSFON8,Forever Love (feat. Viiq)
3334,Dance Party,77BDJDKKWm11KXQh0Sv4Jf,Dare Me
3336,Dance Party,19eIZmuXlBmLTha1lPHef7,Alors On Danse - DubDogz Remix
3340,Dance Party,1ml0dtE1KtsXacLt7NJkze,Dream On Me - Roger Sanchez Remix
3342,Dance Party,4oVp2A9Ud4hV27Kr5bByCQ,Chance
3346,Dance Party,6SK5X1cj2G3vFNb7iTmLfV,Drop It (feat. LUISAH)
3349,Dance Party,4h5I5Y4HZzLNFveiLyXABZ,So Into You
3352,Dance Party,3qwDbGKZzA7CMobf35EwsW,Show Me Love
3353,Dance Party,5i5zn4un7FhVeNYiGNnLDA,Trouble - Spotify Singles
3354,Dance Party,3zQpGaH50HeMjxurMZVF6q,Lifetime (with Ty Dolla $ign & 070 Shake)
3355,Dance Party,7J4zszAZxAyowZp7gNUIUI,Bongo Cha Cha Cha
3356,Dance Party,1gX4wETtMGvOB7u1proVfj,Call On Me
3358,Dance Party,1E6eBDvEvVMz3PIUIkWs1y,I Just Wanna Dance
3359,Dance Party,37V78aaqEliOSPJxVgxNfm,It Is What It Is (feat. Elise LeGrow)
3371,Dance Party,0dj5O3Nc6ONKWNd8mErvND,Rain On Me - Purple Disco Machine Remix - Edit
3377,Dance Party,04J03yanQCmSuigan5Y0cM,Bruk It Down (feat. TxTHEWAY)
3378,Dance Party,7zAGKjsI7Tyz8QAfG8rWhA,Only A Fool (with Pink Sweat$) [DJ D-Sol Remix]
3381,Dance Party,342IN7R7WLFvxwxkJ5vkaj,Good Dope
3384,Dance Party,2xyG0785QU6hEQRDmKA29U,Energy
3386,Dance Party,5ym3bCHNv6OoDuQ96lNu3y,tell me what you’re thinking
3389,Dance Party,7LZQAYj5NmW7Db2y8k7dXm,Trompetisto
3391,Dance Party,0GiwV6v3AgJfdu59tj719Y,Pump It Up
3393,Dance Party,6toCdsVO7FKI7Ggedfe1Ed,Zip Zap
3396,Dance Party,0WNjZebEUjiPEdVqfYjlcZ,Losing My Mind
3398,Dance Party,2tnVG71enUj33Ic2nFN6kZ,Ride It
3401,Dance Party,6zSpb8dQRaw0M1dK8PBwQz,Cold Heart - PNAU Remix
3406,Electrónica Máxima,6f3Slt0GbA2bPZlz0aIFXN,The Business
3413,Electrónica Máxima,4crczEC1PpoD8TsDsmoWNI,Goodbye
3414,Electrónica Máxima,4cG7HUWYHBV6R6tHn1gxrl,Friday (feat. Mufasa & Hypeman) - Dopamine Re-Edit
3417,Electrónica Máxima,59VDjcpB2I8psQasslQpdK,Don't Leave Me Now
3418,Electrónica Máxima,3H7ihDc1dqLriiWXwsc2po,Breaking Me
3419,Electrónica Máxima,0siYMEsGrzzzlWLXK5zJfS,BED
3423,Electrónica Máxima,3M9Apu4OZfylLTFKvgEtKa,Ritual
3425,Electrónica Máxima,3uxsrlRldPneshvxlXVcYS,Fireworks (feat. Moss Kena & The Knocks)
3429,Electrónica Máxima,39umHdGKfpnjY4TFtnoQ51,Too Much (feat. Usher)
3431,Electrónica Máxima,2tnVG71enUj33Ic2nFN6kZ,Ride It
3432,Electrónica Máxima,7dk9EBvTbbKBbFxjCAJpwK,Hear Me Say
3433,Electrónica Máxima,1FP9s72rDYty6mfoOEYKnE,All We Got (feat. KIDDO)
3434,Electrónica Máxima,0rhWjOEXeXBjq5lNYv74O6,Losing Control
3437,Electrónica Máxima,0EdgK7ASb4kfRkW8pVMN02,2 Hearts (feat. Gia Koka)
3438,Electrónica Máxima,7cGuwTGKFrWIvvXbJ84SCL,Hometown Heroes
3440,Electrónica Máxima,0vR2rIVORmgeKiGIgNT0fV,By Your Side (feat. Tom Grennan)
3441,Electrónica Máxima,2UCu2FoXFZpCT36lYzej4O,Something Stupid (feat. AWA)
3442,Electrónica Máxima,4wosxLl0mAqhneDzya2MfY,Head & Heart (feat. MNEK)
3443,Electrónica Máxima,78oZ26xvmtCfarveRXs3dq,Big (feat. Gunna)
3448,Electrónica Máxima,1V7bZ9gEIwFQpm8yGxRHNA,If You Really Love Me (How Will I Know)
3452,Electrónica Máxima,66W1rVTnEv86dIkFhoiElg,Secrets
3453,Electrónica Máxima,4fK2NU9UyQJV74ZGiSVYsr,Carry On - Nicky Romero Remix
3455,Electrónica Máxima,1sc1LUE0z2kiAFG7ZZlcDZ,Monsters (feat. 24kGoldn)
3458,Electrónica Máxima,1horDZRb64nwbtDXymIzLw,Nothing Really Matters
3461,Electrónica Máxima,3GT2CBmJWIEdCpHiB31WYK,Never Be Alone (feat. Aloe Blacc)
3464,Electrónica Máxima,3bNIlJBpwgwFNnFuSjH6Uh,Hey Baby (feat. Gia Koka)
3467,Electrónica Máxima,7sFk2PA3NsrrSsGa4CM3rs,Lose You
3474,Electrónica Máxima,5HnAf2RIUvTmLfm75cVCQh,"Body on My (feat. Brando, Pitbull & Nicky Jam)"
3475,Electrónica Máxima,3Id3L39kmlEZCgSrfOtKwQ,Selfish - M-22 Remix
3477,Electrónica Máxima,73QyyUMMvtNELmULI4FOsp,You for Me
3481,Electrónica Máxima,19TOAlTFq0NDHvUPQR0tkr,South of the Border (feat. Camila Cabello & Cardi B) - Cheat Codes Remix
3487,Electrónica Máxima,2IL2OsHC29dlszciTnOw3m,Born To Love (feat. SHELLS)
3489,Electrónica Máxima,7fPuWrlpwDcHm5aHCH5D9t,Roses - Imanbek Remix
3496,Electrónica Máxima,6fenHIxXuuzKB55wY4WCHP,God Is A Dancer (with Mabel)
3502,100% Cumbia,1PZ3QsCFec05Ls3PwOqKXZ,Tiene Espinas El Rosal
3503,100% Cumbia,7r2W5f8W70eGz2DlOD7S5g,Cumbia Valledupar
3504,100% Cumbia,1Vy7WUJubV9JEoebuJ9dfe,Más Que Tu Amigo
3505,100% Cumbia,6JVU5TollB4mTzMkb5d8Z9,Voy a pintar un corazón
3506,100% Cumbia,1MPqA7uBUhhJCNxlBYJQK0,Vente Conmigo
3507,100% Cumbia,5gUoppDphfYsIiguGr5drh,Todo Me Gusta De Ti
3508,100% Cumbia,1layZXCAmJ84fi21OmnTt5,Los Caminos De La Vida
3509,100% Cumbia,4gPBK5eYojAxc2SldHkvTo,El Listón De Tu Pelo
3510,100% Cumbia,1zVDbrBG7zCd6AXGLmbGj4,Muchachita Consentida
3511,100% Cumbia,3ZTMJQ5B7lsauB4GJt7kue,Me Volví A Acordar De Ti
3512,100% Cumbia,70UUg4Z7nS5SJzMWc2W32U,Te Amo
3513,100% Cumbia,2ObbqCZZgwK8VowFYf0RPh,Tu Traición
3514,100% Cumbia,6cVHu0HmKo4oEOSOqooTa3,La Negra Tomasa - Bilongo - Versión Tropical
3515,100% Cumbia,0FuqABgi0bD219B12xC7Hn,Amor Regresa
3516,100% Cumbia,5wAuauXzrKjAeppxX1IsZ7,Él Soy Yo
3518,100% Cumbia,68PWHpcmWTC92qoGADfOEG,Mix Juguito De Pina
3520,100% Cumbia,3fbALzbCtA459yOAJ2FChx,Un Sueño
3522,100% Cumbia,5XyItd5rFfdtoJsWHxON5x,Mil Horas
3525,100% Cumbia,3w2V1gsSTAkh6dgFIPcBKe,Pero La Recuerdo
3527,100% Cumbia,74Z5qPgObksbUqTLsMetwO,Llorar
3528,100% Cumbia,3M7WBL64QOmuPiPjhySCJW,Sergio el Bailador
3529,100% Cumbia,1VL6n94ZDAHk3nwyqIGgTp,Destilando Amor
3530,100% Cumbia,3A4awt6Y9DwHBRuFDoRX5S,El Diario De Un Borracho
3532,100% Cumbia,2LyHAsMcpW0Dm17rWYa79p,Mis Sentimientos
3533,100% Cumbia,6e5rEbGGlrkMlIK1lHYRO7,Mi Matamoros Querido
3534,100% Cumbia,3gR5KQnC8FYLoPG2LEfbGP,Amor de Mis Amores
3536,100% Cumbia,5Nh4sheOYL11EWJzxhRu5c,Me Vas A Recordar
3538,100% Cumbia,6PAUYlcbuqx6s2MC5RAGLJ,¡Ay! El Amor
3539,100% Cumbia,5VUR4MhJWAbp2ZHtSDvwJ7,Se Me Perdio La Cadenita
3540,100% Cumbia,72dq7syxHMZF44QX3r1yXH,Encadenada A Mi - Cumbia
3541,100% Cumbia,6D7uV4Pv0IyOxBs138SRyf,Vida No Te Vayas
3542,100% Cumbia,0rhFOZktswEji0h4IuruvM,Cumbia Sampuesana
3543,100% Cumbia,5OSUQtHDX5L0bW8MbLFlS7,Rumba Cha Cha
3544,100% Cumbia,1Ed4AvDGnUGtU0dYrnwLPg,Escándalo
3545,100% Cumbia,5aLELbBB0Pa7TlGJJyBJo9,Oye Mujer
3546,100% Cumbia,5dX3713DyHWt1pKzX1Q54F,El Pipiripau
3547,100% Cumbia,38UG6ZFOLKr6RSSeIQqEZ6,Oye
3549,100% Cumbia,2PXTwetJcZb2GS417RyCga,La Suavecita
3550,100% Cumbia,3msTH7VNjRPAFxoYzlKPyo,El Piropo
3551,100% Cumbia,7lcEnkQEdNzjGGswqrZu6V,Dr. Psiquiatra
3552,Esto es Cumbia,1MPqA7uBUhhJCNxlBYJQK0,Vente Conmigo
3553,Esto es Cumbia,2jV2BWkFNLbqOb8wqVR9iC,Es Tan Grande Este Amor
3554,Esto es Cumbia,3CACzG9I3AoKUKA3ODE5zW,Me Vas a Extrañar - En Vivo
3555,Esto es Cumbia,4HSZVS72M5MXs9yFQX9irX,Cariño
3557,Esto es Cumbia,4ygglDwHeNrTMEy9vAbaq2,Se lo Juro Vieja
3559,Esto es Cumbia,3lCbsHaN1wCxyDzcNN2x4N,Si Me Tomo Una Cerveza
3560,Esto es Cumbia,69Z2hUoeaxVx3Hxf8unmks,Me Enamore
3561,Esto es Cumbia,0BExZoLgurIrhxMszxNEft,Tu Estas Dura Sin Ir al Gym (Fiel)
3563,Esto es Cumbia,2a1oufthlxOkH8yjhYAvgH,Cumbia A La Gente
3564,Esto es Cumbia,3DnSi9XRkcqEOHPaYcMeHr,Piensame
3565,Esto es Cumbia,7cvKwSE5E2jC2bXRvdGErx,Corazón Valiente
3566,Esto es Cumbia,7DAaf49d6CDGAXlKSr2IC3,El Trato
3567,Esto es Cumbia,7aDaLVUrrL2hOcL0fBBvti,Sentir Amor
3568,Esto es Cumbia,6Bj9aK0jTMmjUp1y4Z7SVz,No Me Arrepiento de Este Amor
3572,Esto es Cumbia,4v17MVpCUu5l2p0mSlw8PK,Si Te Vas - Vivo
3574,Esto es Cumbia,1CyNMu6acmjLDN51yaWWap,Pienso en Ti
3575,Esto es Cumbia,50ItSV0JJUCEEUFMshZu3f,El Paso Final
3576,Esto es Cumbia,6M8bGZtUxFo3LuUXiPGnkZ,Chau
3577,Esto es Cumbia,2UQRIy37YblE8WzcdLTWhZ,Amor Secreto
3578,Esto es Cumbia,6aiOkKVEe8Mo0O3ycrrn7z,Mil Horas
3581,Esto es Cumbia,1FmxDLgWWPGN3gWTD45648,Fugitivo / Aca Llega la Banda / Asi Fue - En Vivo
3582,Esto es Cumbia,6TVDxCfu42HRyqg8l7zb83,Como Duele
3583,Esto es Cumbia,6X7uUIUuSw3hIZbQaAK8fz,Mis Sentimientos
3584,Esto es Cumbia,5uD4fcXch2qE5LYeyDipA1,Bésame
3586,Esto es Cumbia,45W2wFalCHxcTtrWuH60Ii,La Cola
3587,Esto es Cumbia,5SuvYgNFtVNhcl6uVKe1W4,Serenata Cruel
3588,Esto es Cumbia,0hJkWUGnwciSUTj9bTbQ9e,Una Cerveza
3594,Esto es Cumbia,2OzSJG7HmZYTiggNoGujZP,Se Me Ha Perdido Un Corazón
3597,Esto es Cumbia,5aJWoXivicRge1Q1bSpl16,Te Perdoné Tantas Veces
3599,Esto es Cumbia,7Gq4ceSyXidlIF9T6ZjX8D,Una Calle Nos Separa
3600,Esto es Cumbia,4yhOnSd2dwD43xMWREnV9m,"AMOR, AMOR, AMOR"
3602,Esto es Cumbia,3p9UeIicVHsdEUBucLJqes,Fue Difícil
3604,Esto es Cumbia,2fscHtYDKLd7xYRCTe3prP,Amor (Ft. Mon Laferte) - Mtv Unplugged
3605,Esto es Cumbia,3trowLiYwwOoiwapLISNyk,No Te Creas Tan Importante - En Vivo
3606,Esto es Cumbia,6EsuTkSB0cLNfeHnzxBUJS,Chetos y Cumbieros
3607,Esto es Cumbia,4AN9FuUhpHnaiVw8ZsLu2V,Llora me llama
3608,Esto es Cumbia,26Ccub2muixtqyZTkRAJWa,Herida
3609,Esto es Cumbia,0O8zNbJNEDg9x3S0hZvRMu,Ella Se Olvidó de Mí
3610,Esto es Cumbia,1vX3eIWSPr9EH3nSy1JhMN,Me Muero de Amor - En Vivo
3611,Esto es Cumbia,5L1WfoJ8YhGsuNkyk3qLKF,Amores Como el Nuestro
3612,Esto es Cumbia,1KMZ7YYfxViSS2gY1WunZG,Yo Tomo
3613,Esto es Cumbia,2XpNHiC5BMpfaZRJngdz5a,Hoy Te Vi - Remasterizado 2019
3614,Esto es Cumbia,6ZHydaYmmzJKeceEV5nmuS,Ella
3616,Esto es Cumbia,68drjp77R32xEkzP1vxlF6,El Bombón
3617,Esto es Cumbia,3FgtgesYFasosYF5cQmpzi,Andrea
3618,Esto es Cumbia,2mDq3mPvdpwE8zAXpRXE0b,Cinco Minutos
3619,Esto es Cumbia,6b2BVDyqhzA2DHIe01cNhV,La Cumbia del Infinito
3620,Esto es Cumbia,0afBIRqOPTLPNHzRMPLEf0,El humo de mi fasito
3621,Esto es Cumbia,3VQ8Cz51UVBAsRuQvicTm0,Como Hacer
3624,Esto es Cumbia,76BnEV7y0FIyDodcCt9sxC,Iluminará
3625,Esto es Cumbia,5EHRc2WJASyZg3alJqsbqU,Yo Tomo Licor
3626,Esto es Cumbia,5MarqoT4wE5uNITGuEZams,Para dormir contigo otra vez
3627,Esto es Cumbia,2SQTteM7L4POuyKcMHpsoG,Que Nadie Sepa Mi Sufrir
3629,Esto es Cumbia,7b48LygvIT0pu4RD9FvJyi,Tomaremos Ron
3631,Esto es Cumbia,2kXeAEpGBN874ZKJPV24fr,Acaríñame
3632,Esto es Cumbia,3Bak7CHM2RlfkuhCSDfoAj,Eres
3633,Esto es Cumbia,3QDnzNNZKMdfVbuwqXAC42,Curame el Corazón
3635,Esto es Cumbia,408q39K0rnY815TF5x52tb,Escápate Conmigo
3638,Esto es Cumbia,74pZISz60vXLxF8qndud8b,Quédate Aquí
3641,Esto es Cumbia,03gL2VXNNyYdeZHYbdsYYO,La danza de los mirlos - En Vivo
3643,Esto es Cumbia,0PTEI0crqAI5I2F61FeJ6U,20 Rosas
3644,Esto es Cumbia,3O2RDUmiywqchEFgJTd58X,Sabrosón
3645,Esto es Cumbia,44A4qyve1MFOtH1EGAFHjj,Cumbia en la Playa
3646,Esto es Cumbia,0shHbJ66Lcr4z1Wn3wDDlX,Y Ahora Que Hago
3649,Esto es Cumbia,1m3azyH3lIj8Kcp20VentQ,Medley: Como Te Lo Digo / Tonta / Esa Malvada / Una Cerveza / La Cola / Escápate Conmigo / Me Voy / Sin Pijama / Con Calma / Calma - En Vivo
3650,Esto es Cumbia,5nsG6Uwgp6C0iJ7d8csHfX,Princesa Me Vas a Extrañar
3651,Esto es Cumbia,0rktSgMEwRvURGHDnrd1C5,Enganchados
3655,Hot Country,7DhvNzyMM8jJWcfykG3psB,Thinking 'Bout You (feat. MacKenzie Porter)
3657,Hot Country,4QpWhd7l2NrmGmfw4qGlpa,Next Girl
3658,Hot Country,5z0xIGpy5Cb8LRXh0I7Ewl,Coulda Loved You Longer
3663,Hot Country,4Qum1kECNQrpREev5fvAQ4,Truth About You
3665,Hot Country,3ZozFqJJlDBNIm4xqxn2ZD,Fancy Like
3670,Hot Country,0QULNNd9z5s35entfiiXoa,Drunk (And I Don't Wanna Go Home)
3671,Hot Country,0WVvn1HeAGVcnMnQcKPAQg,Not Yet
3673,Hot Country,4RBcYEl3yD9gYQE94LxFmE,Fill Them Boots
3674,Hot Country,7stizS5H8h8ABU390mkhZC,Better Than You’re Used To
3675,Hot Country,0AuyO2tufq60YvAFdVYhOn,Who Cares
3676,Hot Country,3dV1fjKOlLnaNK5MeZHXGv,Cold Beer Calling My Name
3678,Hot Country,6OcCk1dbAb7XNHsC098oEM,I Quit Drinking
3682,Hot Country,3J5jotqUAjU479WhAiNkpU,Freedom Was A Highway
3683,Hot Country,3CiF9D8iuVhZWDvvjf8HpG,Country Again
3684,Hot Country,2NNioXX1t4whQsBF8FfExl,Woman You Got
3685,Hot Country,77Bt2DXJE1R1qsnm4D10Ox,Breakups
3689,Hot Country,0ysCB1Jg4hli0XlEWlipo7,Heart On Fire
3692,Hot Country,2EEfUuBRZA4Ax1vYcluFS0,Knowing You
3696,Hot Country,1nnsiuuYlvPF9gxXIiyAr8,I Was On a Boat That Day
3699,Hot Country,58J6FWRdf7PSUIDe9rbqdi,NO SAD SONGS
3701,Hot Country,76djDZcj6Og5HcVAaRjQHu,Like A Lady
3703,Hot Country,143YESFOZqxVGrKEWisbid,I'm Not For Everyone
3704,Hot Country,2VmccNZz4zFmlcXstY8a2D,Same Boat
3706,Country Gold,1KhrAWvLIjRlQIJtSTgvsi,Would You Go With Me
3708,Country Gold,1mMLMZYXkMueg65jRRWG1l,When It Rains It Pours
3710,Country Gold,698eQRku24PIYPQPHItKlA,She Got the Best of Me
3714,Country Gold,4hPpVbbakQNv8YTHYaOJP4,One Thing Right
3715,Country Gold,3sVLgsSTHRu483w6QciloO,Even Though I'm Leaving
3719,Country Gold,7zVCrzzEJU7u24sbJPXA5W,What Ifs (feat. Lauren Alaina)
3720,Country Gold,3DA4SE262k6rdEtlHteNyq,Die From A Broken Heart
3724,Country Gold,4LiMQ6G9n84rDUBs9wtwz6,Singles You Up
3728,Country Gold,1R9FxlRkvKtt36dtTHs93X,Head Over Boots
3733,Country Gold,4u26EevCNXMhlvE1xFBJwX,If I Die Young
3734,Country Gold,7JK0nPw98vJmgEElMUfg5v,Take It From Me
3736,Country Gold,33471tzU1VghDg9zNgGRpz,Hotel Key
3737,Country Gold,0w3Q14i073jLoew1hgJkwD,Heartache On The Dance Floor
3738,Country Gold,4P92FrvmYQSAfOpp4cpFEi,Simple
3739,Country Gold,3npzogdOEiVsieXmmhBepL,The Bones
3741,Country Gold,1Y3TlYJNhIa7k4YAvFkJAB,One Margarita
3743,Country Gold,1HY7Ze0NWqDJkl4g4MV62Q,Look What God Gave Her
3746,Country Gold,0bPnT6i9H1p8Vd85GS6Z7I,Night Shift
3748,Country Gold,14GwnOeC9qYEKEA6uOZepa,One Of Them Girls
3749,Country Gold,30MM5jWpUmOxtTNd9Ey5LZ,Unforgettable
3750,Country Gold,2mfahQ0EaaZWq4cFNg6A1o,All On Me
3754,Country Gold,1ytCra0qH6gcHnCVQwREvu,homecoming queen?
3755,Country Gold,6ZvAXIWw3rw8WR0Xlmifri,Heartache Medication
3756,Country Gold,5kNe7PE09d6Kvw5pAsx23n,Die A Happy Man
3760,Country Gold,4ivJ1KEoJ6S93JbSWvOME1,There Was This Girl
3762,Country Gold,2wxfu24GQpEZQrjDJm5Ac1,Every Little Thing
3766,Country Gold,2BgunkkepMPFpArQj1Dx5s,Caught Up In The Country
3769,Country Gold,6Axy0fL3FBtwx2rwl4soq9,Blue Tacoma
3774,Country Gold,05ZACkzW8YbRq3eFgIfSNB,Springsteen
3775,Country Gold,5eDvChP4WAPPrtaQeI9MhT,Beer Never Broke My Heart
3888,Classical Essentials,29ym283kpgDLDvpHkBFmFN,Ombra Mai Fu
3936,Blues Classics,4VCl2a5JvdrEx6PL2P29ty,The Thrill Is Gone
3943,Blues Classics,5MTsZG10E0hTvAkdioyPnw,Feels Like Rain (feat. Bonnie Raitt)
3944,Blues Classics,58PSYdY0GFg0LFb2PxYk4T,Mannish Boy
3946,Blues Classics,2PcbVKT28p9mOlWBDL371J,I Can't Quit You Baby
3947,Blues Classics,0RTjFVHvqjTdpX2NawwyXI,Stumble
3953,Blues Classics,2hv2NiSq8p4pgL28pxcqAJ,Trouble No More
3968,Blues Classics,3E0VKSvZp76kvBU2WwwBul,Leaving Trunk
3972,Blues Classics,1a2iF9XymafjRk56q7oCxo,Pride and Joy
3973,Blues Classics,1sxtxIKhRiQwuGpUwHoEHq,Crossroads - Live
3974,Blues Classics,0h06YSqzwbAU9ZDuIvw8pk,Love Me Like a Man - Remastered
3979,Blues Classics,1HRx7dciQYCv76XvbBDAGM,T-Bone Shuffle
3985,Blues Classics,51tJjIf9azRnA6om4BcfNm,I'm A Man
3986,Blues Classics,5MVMARaMoclifNmBtPu0dD,Love Struck Baby
3987,Blues Classics,3kkCpDqhrOEBf0eOR2igEE,Give Me Back My Wig - Remastered
3988,Blues Classics,2r6Ve8kNEzqg3u45UL0muX,Big Chief - Remastered
3993,Blues Classics,512gC8sU5PxZAFrskHEfzk,Little Angel Child
3997,Blues Classics,44s75M70lhq25s3CiW0pxq,Should I Wait
4000,Blues Classics,6eIJfQX1WPU2iOFe1x605S,Now That I'm Down
4001,Blues Classics,3YGsgJqtIWKjMjZtKLk11Z,Be Careful With a Fool
4007,Nu-Blue,6ol3k9BqQi7tOX98KPnVPa,Rollin' On
4009,Nu-Blue,0AchHP2MSvRlL3iKh6kfdt,Control
4010,Nu-Blue,7piCuE6DVjnko9oTNTqVAO,Magnolia Blues
4011,Nu-Blue,4aLryRkYDCLq97mCoMYh3F,Lately
4013,Nu-Blue,56pU90MrM2CTr19neVoZCg,Love One Another
4014,Nu-Blue,4GOm5E75Wqq3e3SzlbsGvr,Make a Move
4017,Nu-Blue,3O0Q20ESvI3rLGWmcCSIe8,Comes Easy to Me
4019,Nu-Blue,0WZpCxSr1ULlCmU1sFBgiS,Paradise
4021,Nu-Blue,0KAOUetWwOlmQIbZ5eMoXB,Can't Stay Away
4023,Nu-Blue,4XW0ZZJ2avabVMuHUkwonG,Better Days
4026,Nu-Blue,5yX5XWU1JaOq3tYeuqGfVE,Wolves All Around Me
4031,Nu-Blue,4LXdNt8mbZIJD6LXBxFS1W,Sanitarium Lovesick Blues #4702
4033,Nu-Blue,4aPeeN8IYOCMNBGI0p7169,Hey Gringo
4035,Nu-Blue,0jgysibe0XfoEO4QF4txxo,The Mess I Made
4037,Nu-Blue,3azPwNPD36yMmg4gYRtuJ4,Light Shine In
4040,Nu-Blue,4ohUVFem8xKnnnvGz1cpIG,Parade
4044,Nu-Blue,1vC2eGIjumzgYknFrKl3Vg,Morning Light
4047,Nu-Blue,1y7jhEe6UsTYIFnu3a0Mmu,Too Bold - Diamond Remix (Radio Edit)
4049,Nu-Blue,5du3Ypki8pqdygkoHZnTsd,What A Life
4051,Nu-Blue,5vi4LOrt3VMUYjR2iYlcFT,Build A Fire
4052,Nu-Blue,70E86POsODghwNfyN2Rgh4,Alafia Moon
4059,Nu-Blue,0jQ4rEj73u8VovZqagg3a8,Solo
4060,Nu-Blue,1jkRCIT4lbw927QNmt0NGh,On Fire Like Zsa Zsa
4062,Nu-Blue,0Xg38XEeI0xRYODGTuFH55,Ice Cream Man
4064,Nu-Blue,6pmLL6nZ87l0ztMFi0jjno,Coldwater
4066,Nu-Blue,2WExnKzXQ0Q304vYN5TOhW,United State of Mind
4073,Ambient Essentials,1i8MaQec4fQXj1enX8ZWF4,Boreal Kiss Pt. 1
4151,Ambient Essentials,5rlG4Fnws22Ecu6aXctE33,2. Satz: Gewitter (Energy Rise - Energy Collaps)
